age,income,loan_amount,credit_history_years,num_accounts,employment_type,education,target
22,52477.92,16688.89,11,1,employed,secondary,1
58,50838.36,24979.41,10,3,employed,bachelor,1
52,75379.32,24068.82,12,6,self_employed,bachelor,1
40,76382.08,15061.91,13,6,employed,master,0
40,49298.26,1000.0,13,8,unemployed,master,0
62,51936.75,6153.82,2,8,employed,master,0
22,70822.62,21106.67,2,1,self_employed,bachelor,1
54,43448.32,2597.99,3,1,unemployed,bachelor,0
28,51789.32,12386.46,9,4,self_employed,bachelor,0
22,61791.86,17707.84,8,9,employed,bachelor,1
45,79918.77,26756.57,12,5,employed,secondary,1
68,47908.03,10399.84,12,9,employed,master,1
56,23152.31,9852.1,12,1,employed,bachelor,1
57,21668.05,14580.43,1,9,unemployed,secondary,0
55,34811.74,17807.3,10,1,employed,bachelor,1
58,33736.65,13766.03,12,8,employed,secondary,1
44,56907.78,23394.15,14,8,self_employed,bachelor,1
24,36222.4,8606.85,5,3,employed,bachelor,0
61,45944.9,15961.29,11,3,unemployed,master,0
41,44518.28,18561.7,6,6,employed,bachelor,0
44,51189.84,11798.14,2,7,employed,bachelor,0
37,86450.09,21717.68,5,2,self_employed,bachelor,1
27,73238.95,16191.67,3,3,employed,master,1
66,60322.59,21310.77,13,7,unemployed,master,1
58,50779.47,16552.83,2,8,employed,bachelor,0
51,51335.35,18011.24,1,2,employed,bachelor,0
38,66554.93,9940.87,8,9,employed,bachelor,0
60,71683.38,9953.83,8,8,employed,master,1
46,41847.65,24795.17,8,8,employed,phd,1
41,60729.62,20084.08,2,3,employed,bachelor,1
41,19367.61,6816.28,7,7,employed,bachelor,1
29,64234.28,16446.91,13,2,unemployed,secondary,1
22,75242.98,1000.0,1,2,employed,secondary,0
46,54398.63,10408.48,11,1,self_employed,secondary,1
64,96330.54,22688.22,1,5,employed,secondary,1
21,42375.23,13998.84,3,7,self_employed,bachelor,0
62,64348.81,15943.3,13,2,employed,bachelor,1
61,59283.51,1000.0,4,2,employed,bachelor,0
32,57994.05,11861.97,7,3,employed,bachelor,1
50,57713.56,17706.18,5,2,employed,secondary,0
26,62142.1,18722.32,9,8,employed,bachelor,1
57,76959.17,22698.85,6,2,employed,secondary,0
54,87554.72,13317.94,6,3,unemployed,secondary,0
36,59955.0,13674.75,12,3,employed,phd,1
21,76306.32,4343.06,8,2,unemployed,secondary,1
68,45964.66,13363.83,8,9,employed,secondary,1
41,75319.11,4907.4,12,2,employed,bachelor,1
64,44760.17,1000.0,6,5,employed,bachelor,1
53,81813.2,6318.57,12,6,employed,bachelor,1
58,104212.82,27069.48,10,3,self_employed,bachelor,1
57,57558.32,12835.51,13,5,employed,bachelor,1
28,16149.13,16759.02,6,2,unemployed,bachelor,0
36,49038.54,10892.03,8,5,employed,master,1
42,84637.5,1000.0,1,1,employed,secondary,1
43,71061.54,22488.9,1,4,employed,bachelor,1
20,64978.27,1000.0,1,4,self_employed,secondary,0
46,80173.37,10561.66,9,4,employed,secondary,1
26,69689.07,14563.08,4,1,unemployed,phd,0
56,84354.5,16843.92,4,9,employed,bachelor,1
53,78388.47,9188.24,9,1,employed,secondary,1
65,90434.01,1000.0,5,2,self_employed,bachelor,0
56,67175.92,8591.25,2,1,employed,secondary,0
37,78105.19,9009.94,8,9,self_employed,bachelor,1
68,53857.46,8815.25,8,3,employed,bachelor,1
39,47970.78,22760.47,2,4,self_employed,master,0
34,94135.35,5291.18,4,7,employed,secondary,1
65,64324.09,17407.83,3,1,unemployed,secondary,0
37,76097.61,16266.38,10,1,employed,master,1
21,62474.8,22683.64,3,2,self_employed,master,0
42,48269.69,13934.95,0,7,employed,secondary,0
59,60219.66,21329.05,4,9,self_employed,bachelor,0
27,88719.88,13622.24,7,6,unemployed,master,0
42,71104.8,18475.14,11,8,unemployed,bachelor,0
24,25770.54,2976.47,0,8,employed,bachelor,0
53,55695.11,1000.0,13,3,employed,bachelor,1
42,95645.88,18020.37,4,2,self_employed,master,1
35,55724.06,18449.47,5,2,employed,bachelor,0
29,23990.43,18804.02,0,8,self_employed,secondary,0
47,97860.98,10800.54,4,7,employed,bachelor,1
52,73647.85,26917.78,7,8,employed,bachelor,0
66,58599.74,11320.98,9,5,employed,bachelor,1
40,52571.65,18367.03,11,9,self_employed,secondary,0
26,81647.04,19757.09,7,9,employed,bachelor,1
61,49160.33,28749.92,1,8,employed,bachelor,0
50,82965.13,12463.76,5,8,self_employed,phd,1
54,70843.91,9774.46,11,2,employed,bachelor,1
23,64893.64,3014.84,9,7,unemployed,bachelor,0
34,62910.3,27418.94,8,9,employed,bachelor,0
57,56500.64,18371.29,7,3,employed,secondary,0
61,80912.8,18624.49,7,8,employed,bachelor,0
40,42693.14,39933.63,14,4,employed,secondary,1
59,27561.5,17600.36,8,2,self_employed,master,0
61,72288.8,4581.43,8,7,employed,bachelor,1
38,72624.77,13432.77,5,2,employed,secondary,1
64,69604.82,7201.74,7,5,employed,bachelor,0
32,68154.57,11833.05,10,9,self_employed,phd,1
30,53589.19,11779.28,12,2,self_employed,secondary,0
53,75749.65,10303.8,11,2,employed,master,0
51,59088.84,3853.74,9,9,employed,secondary,1
25,50257.73,27740.01,11,7,employed,secondary,1
61,53762.17,17390.78,0,5,self_employed,bachelor,0
28,100412.79,13196.22,4,4,employed,secondary,0
59,25300.48,21061.1,3,9,employed,master,0
18,69995.76,18768.54,9,7,self_employed,bachelor,1
59,26417.79,17205.53,11,9,employed,bachelor,1
58,57835.33,20479.98,2,1,self_employed,bachelor,1
58,51327.45,16071.48,2,5,employed,bachelor,1
52,18299.43,20361.77,7,7,unemployed,bachelor,0
42,67780.75,21024.9,14,1,employed,bachelor,1
54,52399.24,16301.75,0,5,employed,master,1
32,18015.87,13236.84,13,1,employed,bachelor,1
58,76791.36,27243.18,2,9,employed,bachelor,0
46,88700.12,11176.79,4,7,self_employed,bachelor,1
41,89802.49,18130.51,9,2,employed,bachelor,1
44,67179.13,18311.27,10,5,employed,secondary,1
47,60921.16,10123.54,13,1,self_employed,bachelor,1
19,86563.13,8537.42,0,8,employed,bachelor,1
25,93647.67,12169.18,0,2,self_employed,secondary,0
30,82671.37,11062.27,7,6,self_employed,master,1
23,41169.25,3334.96,8,1,employed,master,1
40,64026.9,9788.04,3,2,self_employed,secondary,1
52,68790.32,17129.78,9,9,unemployed,master,1
52,23807.66,25127.55,3,4,self_employed,master,1
42,69387.21,19435.13,13,2,employed,master,1
62,105459.84,1000.0,2,7,employed,secondary,1
47,72798.72,20130.43,9,2,unemployed,bachelor,1
22,89468.26,10534.79,7,6,employed,bachelor,1
57,63658.29,18624.64,1,8,employed,bachelor,1
47,58535.63,14886.92,9,7,employed,bachelor,1
51,67625.43,13458.5,2,3,self_employed,bachelor,1
47,43683.47,14182.11,8,3,self_employed,master,1
46,40724.5,14820.61,9,3,unemployed,master,0
22,85326.09,25755.24,1,6,unemployed,bachelor,1
47,87446.85,14842.72,3,7,employed,master,1
59,40177.87,23684.29,4,5,self_employed,master,0
33,79359.98,22519.25,13,4,employed,secondary,1
49,58260.8,20336.36,3,1,employed,master,0
19,66796.17,1000.0,13,8,employed,secondary,1
36,69204.37,23933.06,8,6,unemployed,secondary,1
40,79887.01,11336.79,14,6,employed,phd,1
69,61654.36,20725.82,12,1,employed,bachelor,1
29,88203.24,7219.74,4,3,employed,bachelor,0
32,66188.26,5519.41,8,3,employed,phd,1
39,72483.69,30811.11,10,6,employed,bachelor,1
69,43334.75,7344.14,1,8,employed,secondary,1
62,103173.18,24168.85,9,8,employed,secondary,1
19,69396.5,15947.36,6,5,employed,bachelor,1
30,74259.95,11639.04,0,4,self_employed,secondary,0
60,27836.28,14641.37,13,4,self_employed,secondary,1
21,43545.96,4591.24,3,7,self_employed,master,1
62,84757.67,14889.96,13,3,employed,secondary,1
32,65737.82,6338.08,3,4,employed,bachelor,1
65,21724.41,11836.45,8,8,employed,secondary,0
33,80765.8,22402.4,5,5,unemployed,bachelor,1
40,49124.34,17033.53,13,5,employed,bachelor,0
52,88226.34,3142.64,14,7,employed,bachelor,1
24,58243.29,21811.91,11,3,unemployed,secondary,1
46,64094.13,14943.2,12,1,unemployed,secondary,1
44,83579.09,10662.52,11,8,employed,secondary,0
58,42050.14,20973.41,4,5,self_employed,secondary,1
69,40143.06,13662.35,13,3,employed,bachelor,1
52,56070.03,5674.71,7,1,employed,secondary,1
39,76543.46,29782.48,5,9,employed,secondary,1
39,33382.45,14861.7,2,7,unemployed,secondary,0
39,26639.31,14348.92,10,3,employed,master,0
60,76474.42,11759.16,4,6,self_employed,bachelor,1
34,47940.43,24439.73,9,5,employed,bachelor,1
26,52155.48,10800.97,0,3,self_employed,bachelor,0
35,22863.79,2640.16,9,3,self_employed,bachelor,1
19,46420.41,9570.58,9,1,self_employed,secondary,1
23,59848.65,25614.2,7,9,unemployed,bachelor,0
22,78607.56,21657.06,9,9,self_employed,bachelor,0
58,44575.4,12959.87,14,8,self_employed,bachelor,0
55,93147.52,25986.04,12,3,employed,secondary,1
54,46308.88,20983.54,6,9,unemployed,master,0
42,46338.16,12867.29,13,3,employed,bachelor,1
55,90747.15,13672.72,14,8,employed,secondary,0
26,64229.2,17634.54,2,1,employed,master,0
64,48959.51,8344.9,5,3,employed,secondary,1
44,56897.34,15036.04,11,6,employed,secondary,1
66,87061.47,17468.11,7,9,employed,secondary,1
25,89324.06,1504.27,2,3,employed,master,1
43,43664.14,13485.44,7,4,unemployed,secondary,1
54,59151.32,12575.55,5,8,unemployed,master,0
43,61803.14,23224.54,11,5,employed,bachelor,0
41,40275.2,1000.0,7,7,unemployed,bachelor,1
26,58886.3,11947.95,2,4,employed,bachelor,0
37,60106.46,11145.96,0,1,employed,secondary,1
30,82804.19,22680.57,4,3,unemployed,bachelor,0
33,84148.5,14651.63,2,6,self_employed,bachelor,0
53,53415.81,29368.76,13,1,self_employed,bachelor,1
50,55720.94,20297.71,4,3,employed,secondary,0
49,73285.85,11718.22,9,9,employed,master,1
36,48296.23,16917.27,1,1,employed,bachelor,0
67,71772.8,12167.45,6,3,unemployed,bachelor,1
22,58241.87,21875.17,14,6,employed,bachelor,1
35,40612.03,4342.42,9,6,employed,secondary,1
24,40863.27,8410.43,4,2,employed,secondary,0
35,88941.17,18645.52,11,1,self_employed,secondary,1
68,56871.57,24806.05,7,9,employed,bachelor,1
37,92807.08,1000.0,3,5,self_employed,secondary,1
65,49727.27,25995.77,14,6,employed,secondary,1
43,65824.1,13878.92,14,1,employed,secondary,1
54,107853.53,1000.0,8,2,employed,secondary,1
41,38852.27,1000.0,0,1,employed,bachelor,0
31,22043.71,2764.91,6,9,self_employed,bachelor,1
57,85731.8,14842.36,7,7,self_employed,bachelor,1
68,43463.82,14472.82,13,5,employed,bachelor,0
31,59585.87,20065.6,10,7,employed,bachelor,1
58,48281.64,10604.1,3,2,employed,bachelor,0
31,65363.26,6135.68,7,9,unemployed,master,1
55,40989.28,11695.31,2,5,unemployed,master,0
59,56401.2,15268.88,7,5,self_employed,master,0
41,68996.31,16846.18,8,9,employed,master,1
56,39833.82,8686.68,7,1,employed,master,1
32,45998.32,22211.57,6,4,unemployed,bachelor,0
22,53052.34,10028.83,6,1,employed,bachelor,0
23,31423.69,8042.26,11,4,self_employed,bachelor,1
41,51548.78,10660.87,7,3,unemployed,secondary,1
64,62375.93,23598.72,0,5,self_employed,bachelor,1
24,52009.02,13937.63,11,7,self_employed,master,1
41,54572.47,9443.89,9,3,employed,bachelor,0
54,59601.97,22408.86,10,1,unemployed,secondary,0
28,46885.13,32141.99,10,2,employed,bachelor,0
55,73821.25,16677.46,2,7,unemployed,secondary,0
33,88719.56,24870.74,14,6,employed,bachelor,1
60,50712.39,23288.62,14,9,self_employed,bachelor,1
48,69703.96,10154.88,2,9,unemployed,bachelor,1
46,55207.66,15213.07,3,2,employed,bachelor,0
27,67309.75,4739.64,3,7,employed,secondary,1
42,91315.59,13360.46,14,1,employed,bachelor,1
62,70173.19,9990.48,13,1,self_employed,secondary,1
19,24531.71,11776.91,3,8,self_employed,bachelor,0
57,69079.91,9000.84,9,4,employed,bachelor,1
43,84657.27,12703.23,3,9,unemployed,secondary,1
55,55568.08,19257.86,0,1,unemployed,master,0
52,79912.7,14044.06,3,5,unemployed,bachelor,0
40,46197.69,1000.0,1,3,self_employed,secondary,0
34,30289.22,9031.04,12,9,unemployed,bachelor,0
50,62823.38,2844.81,11,7,unemployed,secondary,1
25,24870.47,16952.48,2,7,employed,secondary,0
48,55204.58,19026.54,8,3,unemployed,master,0
22,85736.85,17052.39,3,9,employed,bachelor,1
51,21804.74,8700.76,8,8,unemployed,master,1
50,34410.06,16974.83,13,8,self_employed,bachelor,1
22,39359.36,11239.09,13,5,self_employed,master,1
57,58733.6,5894.2,12,9,employed,master,1
39,52685.66,20935.44,3,7,employed,secondary,1
58,87982.73,21544.22,2,1,employed,secondary,1
20,79086.97,22591.16,2,8,self_employed,bachelor,0
27,69905.46,10133.21,1,1,unemployed,secondary,0
43,62912.61,24434.9,9,7,employed,bachelor,1
27,67864.6,11051.34,9,3,employed,secondary,1
35,42760.35,20228.01,13,9,self_employed,master,1
52,77144.21,10912.7,1,7,employed,secondary,1
25,37759.11,13208.14,3,8,employed,master,1
53,76707.54,1000.0,10,7,employed,bachelor,1
23,83722.85,12584.69,10,6,self_employed,secondary,1
27,64217.29,15728.72,6,8,employed,master,0
48,56475.74,11719.6,2,3,unemployed,bachelor,0
59,68006.2,29049.5,7,5,employed,bachelor,1
26,10000.0,5700.27,2,3,employed,master,0
33,66045.16,10491.35,8,2,self_employed,secondary,1
66,57732.92,7761.02,13,8,unemployed,secondary,1
69,58987.44,10489.78,2,5,employed,secondary,1
48,74130.65,23251.3,1,1,unemployed,secondary,0
41,58504.62,26824.25,11,8,self_employed,master,1
36,37195.86,9393.66,0,9,unemployed,master,0
49,57171.95,9215.94,14,6,employed,bachelor,1
48,61351.11,5742.97,11,3,employed,bachelor,1
33,62298.68,25450.28,6,8,employed,master,1
19,63238.39,23968.04,5,7,self_employed,secondary,1
25,80787.38,14152.15,5,3,unemployed,secondary,0
67,38279.31,3831.21,5,3,employed,master,1
39,63514.01,4546.7,12,9,employed,bachelor,0
43,85798.59,16365.04,11,9,employed,secondary,1
42,25307.77,19394.7,3,7,employed,bachelor,1
58,63592.93,1000.0,2,1,unemployed,secondary,0
21,48292.43,12429.52,8,3,employed,bachelor,1
22,52585.79,27946.37,9,4,self_employed,bachelor,0
32,41903.85,13259.93,10,5,employed,secondary,1
43,56608.99,26917.1,4,8,unemployed,master,0
52,96825.11,20192.37,7,8,self_employed,bachelor,1
43,34711.39,6325.76,1,3,employed,bachelor,1
40,36607.8,12658.63,6,1,self_employed,bachelor,0
66,33961.31,13970.45,10,3,self_employed,bachelor,1
26,94548.37,7379.91,4,3,unemployed,secondary,1
47,50753.21,7241.06,4,9,employed,secondary,1
46,59487.22,27054.15,6,1,employed,bachelor,0
42,51944.34,7181.12,12,8,employed,bachelor,1
59,41111.54,23627.49,9,6,self_employed,secondary,1
31,55296.99,11508.12,13,1,employed,phd,1
67,109164.87,14794.89,0,7,unemployed,master,0
35,87841.42,19494.76,12,6,employed,secondary,1
46,42941.24,10211.53,0,1,unemployed,secondary,0
45,72951.48,19543.23,4,3,employed,bachelor,1
62,43369.54,1000.0,6,4,employed,secondary,1
40,24472.65,18517.66,3,2,employed,phd,1
32,80390.22,1000.0,14,6,self_employed,bachelor,1
19,83201.86,13185.23,13,6,unemployed,secondary,0
36,80921.05,21833.94,8,2,employed,bachelor,1
60,50602.7,19978.36,6,2,employed,secondary,0
18,56664.49,4612.72,11,6,unemployed,bachelor,1
64,74995.31,5642.68,10,5,employed,secondary,1
46,67829.92,9490.62,7,3,employed,master,1
25,52127.25,16489.73,12,3,unemployed,bachelor,0
33,27618.56,1000.0,2,1,employed,master,1
46,62277.5,14894.21,4,8,employed,secondary,1
34,81580.19,17491.43,0,8,employed,bachelor,0
23,36048.23,12735.7,1,5,self_employed,master,0
52,72775.19,19202.57,2,4,employed,bachelor,0
52,66630.83,16789.79,9,2,unemployed,bachelor,1
24,75002.97,10666.77,12,3,employed,phd,1
32,77439.51,1000.0,8,9,unemployed,master,1
30,46110.7,16067.3,6,1,employed,master,1
52,27660.81,7375.4,4,8,employed,bachelor,1
55,49329.61,10373.26,1,3,employed,bachelor,0
55,77782.55,18832.99,8,3,employed,bachelor,0
66,49159.92,26338.67,2,8,employed,bachelor,0
57,46119.13,14695.52,11,9,unemployed,secondary,1
34,23572.99,19432.52,6,9,self_employed,master,1
23,95052.95,3444.17,5,3,self_employed,bachelor,0
49,76514.27,16964.19,0,6,employed,bachelor,1
65,75397.92,14520.75,3,3,unemployed,master,0
68,79354.51,24833.82,0,2,employed,master,0
29,71534.17,10676.33,10,4,self_employed,secondary,1
30,55113.42,13066.9,7,1,self_employed,bachelor,1
19,56724.72,23470.52,11,2,employed,bachelor,1
25,51448.71,14263.73,8,6,employed,secondary,1
46,112694.82,6129.27,14,7,unemployed,secondary,1
46,71118.24,35413.07,11,3,employed,bachelor,1
37,50723.99,6371.26,2,6,self_employed,master,0
34,69309.94,14482.4,1,7,unemployed,master,0
61,39782.62,17773.51,13,9,employed,bachelor,1
41,90090.13,17140.94,4,6,employed,bachelor,1
60,46778.62,13482.05,11,3,employed,secondary,0
68,70021.71,13521.92,9,7,self_employed,phd,1
34,81319.55,13120.55,10,2,employed,master,1
28,67695.37,6072.53,4,2,employed,phd,1
67,61889.4,32201.75,4,4,employed,bachelor,1
51,60216.04,13240.07,8,3,unemployed,secondary,0
33,58871.18,19775.45,0,2,unemployed,bachelor,1
50,48466.03,12322.78,4,1,self_employed,bachelor,0
44,51010.33,12161.89,7,9,unemployed,secondary,1
65,89591.81,11356.45,3,7,self_employed,secondary,1
31,57829.27,2601.23,4,7,unemployed,secondary,0
69,44284.07,13715.03,14,1,employed,bachelor,1
66,49674.05,11743.94,4,8,employed,master,1
27,82007.41,24372.2,13,4,unemployed,bachelor,0
26,73512.13,5426.4,13,7,employed,master,1
45,71206.58,10382.82,10,5,employed,secondary,1
20,54849.58,7812.48,2,3,self_employed,bachelor,0
33,71467.25,26540.24,3,3,self_employed,bachelor,1
40,47128.78,8044.73,14,2,employed,secondary,1
68,54807.72,19498.4,0,8,employed,bachelor,1
69,79396.09,22761.29,7,4,employed,secondary,1
25,77485.55,13831.02,8,8,employed,master,0
64,40361.8,3985.51,12,8,employed,master,1
22,42889.47,4086.77,13,2,employed,secondary,1
56,62174.04,21878.11,4,3,self_employed,bachelor,0
61,94522.65,4915.25,7,2,employed,bachelor,1
64,21688.7,18136.21,9,1,employed,secondary,1
29,65566.66,15914.79,14,9,self_employed,bachelor,1
64,32479.13,18017.06,8,6,employed,master,1
24,47313.38,18772.68,1,5,employed,master,1
44,52711.43,7530.63,13,2,employed,secondary,1
42,51589.83,7195.77,7,6,self_employed,bachelor,1
34,49324.08,20719.42,2,5,employed,secondary,0
19,60144.14,9965.24,2,3,employed,secondary,0
58,49294.89,1000.0,3,1,employed,secondary,0
35,30750.85,20190.04,10,5,self_employed,secondary,1
52,75597.39,6709.91,14,5,self_employed,secondary,1
39,75057.44,18737.09,6,8,unemployed,bachelor,0
37,76863.49,26142.57,1,4,self_employed,bachelor,1
64,29185.31,15134.1,13,1,employed,secondary,0
22,65978.36,22966.13,9,8,employed,secondary,0
56,73519.58,16230.38,8,4,employed,master,1
56,39375.96,27699.43,0,7,employed,master,1
37,60183.46,6503.14,14,1,employed,secondary,1
31,57674.67,14934.28,1,1,employed,bachelor,0
18,96843.01,20385.29,9,1,self_employed,secondary,0
66,98489.92,13476.71,8,8,self_employed,phd,1
67,26712.87,24217.75,7,3,employed,bachelor,1
30,109878.54,11543.68,8,8,employed,secondary,1
19,41695.49,31554.97,5,9,employed,bachelor,1
24,79613.47,31977.58,8,6,employed,bachelor,0
21,79409.96,17256.58,5,9,employed,secondary,0
61,40086.2,19420.81,7,9,employed,secondary,1
64,69865.36,24533.37,10,7,employed,bachelor,1
25,57849.33,5502.42,11,8,unemployed,secondary,0
56,71086.6,4504.0,2,6,employed,secondary,1
27,64613.45,25051.35,14,2,employed,master,1
37,83926.79,17191.91,1,1,employed,master,0
49,61507.99,13187.96,4,4,employed,bachelor,0
55,56642.52,15088.99,5,5,employed,bachelor,1
63,81921.28,1000.0,4,4,unemployed,bachelor,0
20,71607.92,13475.5,5,1,employed,bachelor,1
28,74636.27,8975.63,4,5,employed,bachelor,0
32,46708.27,22344.57,6,5,unemployed,secondary,0
34,39094.74,22960.25,11,9,employed,secondary,1
69,48645.56,19613.44,12,9,employed,secondary,1
58,47583.57,18163.67,5,6,self_employed,bachelor,1
34,75723.99,3021.23,3,8,employed,bachelor,1
68,79519.68,19725.14,10,3,unemployed,bachelor,0
43,56897.39,20035.18,0,9,employed,bachelor,0
44,88618.38,24961.54,6,9,self_employed,master,1
40,87369.39,31945.68,3,2,employed,secondary,0
25,64867.98,1459.51,9,7,self_employed,bachelor,1
66,43562.16,11892.19,1,5,self_employed,master,0
18,91507.53,9061.87,12,3,self_employed,bachelor,1
27,58779.65,16380.06,4,4,unemployed,bachelor,0
29,62523.3,15107.21,7,9,self_employed,secondary,1
32,53207.9,13127.34,8,9,employed,master,1
24,42204.19,23220.83,7,4,employed,bachelor,0
18,30627.21,6188.69,6,5,employed,master,1
53,72657.37,6671.03,4,5,employed,master,1
68,44331.98,6806.2,11,7,employed,master,1
24,121190.62,12117.38,7,5,self_employed,secondary,1
33,38278.53,5171.28,3,4,self_employed,bachelor,0
44,34852.35,14611.43,3,9,unemployed,secondary,0
66,70202.77,13676.08,6,4,employed,secondary,1
54,90586.27,8707.88,12,3,self_employed,secondary,1
57,61291.79,21990.13,14,3,self_employed,bachelor,1
48,71444.85,14524.0,5,3,unemployed,bachelor,0
39,23129.05,23501.18,5,5,self_employed,bachelor,0
28,46449.77,13439.6,1,6,employed,secondary,0
62,38527.69,14806.44,8,2,employed,secondary,0
59,22099.08,10497.74,3,8,unemployed,bachelor,0
19,62339.6,14943.63,12,3,self_employed,bachelor,1
55,15143.45,20697.85,8,2,self_employed,secondary,0
22,33556.08,11709.33,3,7,self_employed,bachelor,0
56,49256.12,19147.3,13,2,self_employed,secondary,1
60,43374.28,8498.02,12,7,self_employed,bachelor,0
24,67928.17,21072.4,4,9,unemployed,master,0
40,66111.6,10360.75,1,7,unemployed,bachelor,1
24,77875.97,21813.44,3,7,employed,bachelor,0
47,75047.67,15487.81,5,5,employed,master,1
66,82816.26,27167.63,6,4,employed,secondary,1
22,59961.63,5767.46,12,6,employed,secondary,1
38,66069.34,3190.59,14,4,self_employed,master,1
68,70230.27,10070.26,11,8,self_employed,master,1
33,62833.13,3923.11,12,5,employed,bachelor,1
24,52056.11,3938.12,1,5,employed,secondary,0
43,53351.15,19972.41,2,7,employed,secondary,0
44,43648.83,14966.57,13,2,self_employed,master,1
52,68432.34,11162.55,9,6,self_employed,bachelor,1
34,58119.7,11904.3,3,7,employed,secondary,0
67,46736.52,10222.1,11,7,employed,secondary,1
45,46755.1,28202.95,2,3,employed,master,0
32,35792.03,9115.95,11,1,employed,bachelor,1
67,79576.83,4422.93,13,2,self_employed,phd,1
66,61572.35,21368.4,7,8,unemployed,bachelor,0
43,42744.0,13273.96,9,3,employed,secondary,1
19,76170.95,31310.19,10,1,employed,secondary,0
49,48791.02,10790.35,13,6,employed,bachelor,1
46,31869.99,21767.87,8,8,employed,secondary,0
25,80424.45,23657.58,4,3,employed,secondary,0
50,49258.06,10829.31,3,1,employed,secondary,0
61,51822.02,9056.63,5,2,employed,secondary,1
23,60823.6,20930.93,0,2,self_employed,master,0
55,82851.78,19599.14,10,2,employed,secondary,0
25,60400.75,3715.12,5,2,self_employed,bachelor,1
56,36017.66,5972.51,10,6,employed,bachelor,0
39,70877.54,1000.0,0,3,employed,secondary,1
18,50300.21,19763.09,4,5,employed,bachelor,0
68,97758.48,12905.38,5,4,employed,master,1
26,59977.61,13702.8,1,6,employed,bachelor,0
48,15299.29,1468.45,12,6,self_employed,bachelor,1
27,67147.3,6215.18,8,6,unemployed,master,0
66,98891.96,11176.33,12,9,employed,master,1
56,91518.41,9621.4,12,2,employed,master,1
59,96619.09,15942.69,0,5,employed,bachelor,1
40,39604.8,19667.75,12,4,self_employed,bachelor,1
42,78243.05,33156.9,1,5,employed,bachelor,0
50,45560.11,14839.86,13,2,employed,secondary,1
58,64485.79,23923.22,10,3,unemployed,bachelor,0
62,34540.95,8360.22,12,9,unemployed,master,0
18,47110.88,1600.43,7,8,self_employed,secondary,0
52,46475.07,12181.59,2,4,employed,master,1
23,77971.11,2218.23,2,1,employed,phd,0
32,76014.38,15117.39,1,6,employed,secondary,1
61,65536.39,8756.37,12,3,self_employed,secondary,1
31,32991.57,1000.0,8,3,self_employed,phd,0
59,53767.21,28888.2,3,1,employed,secondary,1
42,45077.67,10699.51,1,3,unemployed,master,0
30,77393.52,1899.05,1,2,employed,secondary,0
35,83563.7,22185.37,3,1,self_employed,secondary,0
45,81127.71,9171.09,11,6,employed,secondary,0
57,44895.61,23721.33,13,9,employed,secondary,0
49,10000.0,9132.85,9,2,employed,master,1
66,24660.76,10672.82,14,1,self_employed,secondary,1
63,88432.54,17758.65,5,1,employed,secondary,0
57,51974.9,19745.76,4,5,employed,bachelor,0
49,44985.51,21147.87,10,8,self_employed,phd,1
33,92853.21,14282.07,2,3,self_employed,bachelor,0
39,85303.2,19228.93,13,2,self_employed,master,1
24,60488.97,20965.03,11,1,self_employed,secondary,0
37,54131.94,16604.55,0,6,self_employed,master,1
66,57357.98,13858.74,2,4,self_employed,bachelor,1
40,64543.26,3437.64,9,4,employed,master,1
23,92000.95,19793.39,11,3,employed,bachelor,1
51,68449.35,15337.39,3,9,employed,master,1
68,74520.58,11691.07,11,4,employed,bachelor,1
63,83385.4,25222.13,7,7,employed,bachelor,0
32,36606.48,3577.33,10,7,employed,bachelor,0
41,75097.24,28152.29,6,1,employed,secondary,0
45,54108.62,14821.81,6,3,self_employed,master,1
30,10000.0,17540.15,5,9,self_employed,master,1
31,17436.61,11839.65,2,8,employed,master,1
30,39637.65,1663.42,2,4,unemployed,bachelor,0
69,70624.46,13883.12,2,2,employed,master,1
56,62275.99,17677.96,12,3,employed,secondary,1
61,63687.33,20409.8,6,9,employed,phd,1
60,99018.87,13415.73,5,7,employed,secondary,1
67,34618.21,1000.0,12,1,employed,bachelor,1
23,59451.33,2666.71,13,7,unemployed,secondary,0
63,66088.71,31416.16,3,2,employed,bachelor,1
21,45274.54,6259.71,5,3,employed,bachelor,1
42,60566.53,26416.4,6,5,employed,master,1
48,28001.01,7527.31,12,4,employed,master,1
36,88198.12,13540.35,10,7,self_employed,bachelor,0
25,46367.71,20001.67,8,2,self_employed,master,0
27,100628.0,8438.44,3,8,self_employed,bachelor,1
60,59350.51,27737.72,5,6,self_employed,bachelor,0
34,80561.07,15605.83,0,3,employed,secondary,0
34,58933.94,18686.81,10,9,employed,secondary,1
66,59385.12,12859.14,13,5,self_employed,secondary,1
25,48319.41,20269.76,11,4,employed,bachelor,1
65,62382.48,27630.34,4,1,employed,bachelor,1
65,66359.97,13949.71,7,9,employed,bachelor,1
49,44314.83,28837.7,14,8,self_employed,phd,1
26,57499.11,10107.23,6,2,employed,secondary,1
26,47798.02,21112.77,12,9,unemployed,master,0
32,105993.28,18912.91,8,8,employed,master,1
48,58205.38,6451.34,7,4,employed,master,1
25,90904.64,16710.48,8,9,employed,bachelor,0
41,56087.55,15058.93,3,6,employed,secondary,0
24,65185.75,8174.46,6,7,employed,master,0
46,33572.72,17864.02,4,2,self_employed,bachelor,0
19,51058.55,16170.32,11,1,employed,master,0
54,64210.69,14419.3,9,5,employed,secondary,1
20,91720.08,14451.38,5,3,employed,bachelor,1
28,64439.66,14279.92,12,9,employed,bachelor,1
27,87674.41,12058.4,6,1,unemployed,bachelor,0
61,72814.58,16118.67,14,7,employed,master,1
20,92548.03,9848.69,9,6,self_employed,secondary,0
40,58819.16,36254.48,13,8,employed,secondary,1
48,107804.45,3725.33,14,9,employed,secondary,1
44,50292.08,10322.11,4,8,self_employed,secondary,1
53,44670.76,10954.06,3,4,employed,secondary,1
59,35798.94,31323.95,12,7,unemployed,secondary,1
38,106620.49,4438.92,3,2,employed,bachelor,1
61,76388.95,18407.38,11,5,employed,bachelor,1
34,53317.59,16987.15,2,3,unemployed,master,0
69,84980.45,17668.82,13,3,employed,secondary,1
44,73753.84,24890.75,10,6,unemployed,secondary,1
56,99322.55,24726.63,7,2,unemployed,master,0
63,29043.34,11392.35,6,6,employed,bachelor,0
59,54692.8,16552.14,9,4,employed,secondary,1
62,50749.57,1000.0,5,3,self_employed,bachelor,1
45,20526.35,15792.74,5,6,employed,phd,0
20,81206.54,8648.08,3,7,self_employed,bachelor,1
43,54592.07,13508.94,2,6,employed,phd,0
27,74792.62,1517.03,13,1,employed,secondary,1
64,107195.44,18238.98,11,6,employed,secondary,1
30,52935.13,1427.45,6,6,self_employed,secondary,1
29,51576.94,16186.28,12,7,self_employed,master,1
30,62373.28,5187.96,9,4,self_employed,bachelor,1
51,79744.95,8202.87,8,1,employed,bachelor,0
47,48665.74,24237.86,1,2,employed,phd,1
67,47380.77,19703.34,8,3,employed,bachelor,1
39,81143.79,24193.63,1,6,employed,secondary,0
32,67572.79,27477.82,10,7,employed,bachelor,1
20,19105.43,8817.29,1,7,employed,secondary,0
18,35492.16,26991.77,7,3,employed,bachelor,1
37,90024.72,3275.95,5,4,employed,master,0
66,68038.57,20968.8,1,1,self_employed,bachelor,0
45,44756.08,11053.3,7,8,employed,secondary,1
64,56591.81,7557.6,3,4,unemployed,bachelor,1
23,60264.73,19915.76,3,5,employed,secondary,1
22,74714.67,22559.61,13,5,employed,secondary,1
61,32834.73,22322.15,5,3,unemployed,bachelor,0
23,43181.02,16718.88,6,2,employed,secondary,1
20,65459.12,16055.66,0,9,self_employed,secondary,0
39,58003.31,19214.93,4,2,employed,bachelor,0
66,71437.18,17430.11,5,9,employed,bachelor,1
53,35409.85,19330.85,10,2,self_employed,bachelor,0
23,67142.57,16632.0,1,1,employed,phd,0
61,81831.67,21742.27,13,9,employed,secondary,1
61,69736.37,1982.34,1,9,employed,secondary,0
59,62782.23,13949.81,9,9,employed,master,1
64,58082.33,3929.23,0,7,employed,secondary,1
30,43302.98,17213.62,12,5,self_employed,master,1
68,58560.03,28135.44,10,1,employed,bachelor,1
34,85194.12,11207.32,12,6,unemployed,bachelor,1
59,57619.43,16018.02,13,5,employed,secondary,1
48,42203.92,21051.89,12,7,employed,bachelor,1
58,50155.06,1000.0,9,1,employed,master,1
50,64017.01,10823.12,12,1,self_employed,secondary,0
51,52529.72,17916.13,1,6,self_employed,master,1
50,69706.07,1000.0,9,8,employed,master,1
58,70456.88,7185.53,14,9,employed,bachelor,1
56,77779.66,23806.86,5,6,self_employed,secondary,1
24,88471.19,23023.98,14,4,employed,bachelor,1
60,79917.17,17994.55,7,5,employed,bachelor,1
45,41315.22,22057.58,7,5,self_employed,secondary,1
34,41929.31,16720.83,4,6,employed,master,1
44,58484.57,19443.16,1,3,self_employed,secondary,0
68,50976.49,12474.77,13,4,self_employed,phd,1
62,37233.47,15926.5,10,5,employed,secondary,1
61,51166.16,9941.04,6,8,employed,secondary,1
42,50509.74,25107.87,14,8,employed,bachelor,1
58,46563.05,27172.48,2,7,self_employed,secondary,1
38,53684.21,26039.3,11,2,employed,secondary,0
53,83569.02,11735.13,6,4,employed,secondary,1
51,63984.76,7369.81,9,5,employed,master,1
30,109436.18,25215.79,0,9,employed,secondary,0
31,63410.16,19351.26,9,4,employed,bachelor,0
21,54198.68,17628.67,10,9,employed,bachelor,1
25,60082.66,9930.94,14,7,employed,bachelor,1
40,65129.84,18405.31,5,6,employed,bachelor,1
42,68705.08,6317.78,1,7,self_employed,secondary,0
26,101534.23,20072.5,0,8,self_employed,phd,1
39,43093.59,26031.09,2,7,employed,master,1
49,77180.92,28048.36,4,7,employed,master,1
30,64155.01,20668.19,12,4,employed,bachelor,1
35,28578.05,3943.83,2,4,employed,master,0
37,75413.98,16578.64,2,6,unemployed,phd,0
44,85352.47,32117.45,0,8,employed,bachelor,0
37,42856.47,8051.11,5,6,employed,master,0
56,59821.32,14526.55,9,9,employed,secondary,1
35,25492.91,26308.19,4,7,self_employed,secondary,0
40,34823.87,19937.07,7,4,employed,bachelor,1
37,80960.59,34841.25,3,6,unemployed,bachelor,0
27,50671.67,9137.04,12,6,employed,bachelor,1
53,37823.94,7081.95,0,8,employed,bachelor,1
30,64589.21,24793.0,3,3,employed,bachelor,1
33,49551.75,5432.97,8,3,self_employed,master,0
59,50583.57,13425.86,12,2,employed,secondary,1
67,74786.52,14474.83,6,1,unemployed,secondary,1
52,36765.33,23287.92,1,7,unemployed,bachelor,0
65,41892.7,19914.14,8,9,employed,bachelor,1
62,63081.6,18656.52,4,6,employed,master,1
43,79388.2,11780.55,4,1,employed,secondary,1
58,84763.21,24720.03,13,4,self_employed,secondary,1
35,46698.77,47206.59,14,9,self_employed,master,0
41,78747.54,20530.26,3,1,employed,secondary,0
45,44317.15,15797.38,8,6,unemployed,bachelor,0
67,96524.19,4617.1,8,4,employed,secondary,1
62,37324.58,9900.15,14,9,self_employed,bachelor,1
43,86569.58,13290.32,14,5,self_employed,master,1
51,46870.28,10723.2,5,6,employed,bachelor,0
28,100264.93,14871.38,0,7,employed,secondary,0
59,71826.41,29224.13,0,8,employed,master,1
46,39679.67,24977.34,0,5,unemployed,secondary,0
45,49555.23,13729.34,11,7,employed,secondary,1
57,75623.62,5333.76,11,8,self_employed,bachelor,1
50,81052.89,25698.94,12,5,employed,bachelor,0
21,58585.69,14607.57,2,7,employed,bachelor,0
32,60893.17,1188.0,0,4,unemployed,bachelor,0
27,75167.06,20699.44,2,4,employed,bachelor,1
56,62635.97,23205.49,9,1,self_employed,secondary,1
19,34129.9,1000.0,0,7,employed,master,1
28,43740.52,8403.56,9,3,employed,secondary,1
49,64702.4,14116.37,13,8,employed,master,1
54,84309.65,20876.09,2,9,employed,bachelor,0
44,92319.65,10874.03,11,8,self_employed,bachelor,1
62,75590.59,8342.86,8,3,employed,bachelor,1
65,65745.82,20817.35,14,6,employed,bachelor,1
24,74976.28,11253.42,3,7,employed,bachelor,1
67,46664.98,19336.44,3,5,self_employed,master,1
49,56935.38,6107.87,0,5,self_employed,master,0
51,43517.39,4181.34,10,4,self_employed,bachelor,1
22,35025.15,21042.15,13,3,unemployed,bachelor,1
50,66670.98,17020.16,0,6,employed,bachelor,1
55,63710.27,22379.65,7,9,employed,master,1
48,73753.05,10739.26,10,2,employed,secondary,0
22,70922.24,8639.16,11,1,employed,secondary,0
45,64852.89,25885.75,13,1,self_employed,bachelor,1
66,71132.33,2816.33,10,6,self_employed,secondary,1
55,59146.34,25011.69,13,3,employed,bachelor,1
25,68257.83,25564.04,14,5,unemployed,secondary,0
67,45477.11,21880.72,13,9,employed,secondary,1
67,67394.12,9497.54,6,1,self_employed,bachelor,1
26,73368.35,8467.81,6,2,employed,bachelor,1
59,46606.37,13319.55,6,2,self_employed,phd,1
39,61036.64,4639.68,14,5,employed,secondary,0
48,47527.95,7306.45,4,7,unemployed,secondary,1
41,49469.87,20157.87,11,2,unemployed,secondary,0
58,37501.41,20194.79,9,1,employed,bachelor,1
69,85315.5,6603.4,0,1,employed,secondary,1
59,81313.7,20408.98,7,8,self_employed,master,1
66,70748.68,18634.43,2,1,employed,secondary,1
67,99443.92,27079.09,10,6,employed,master,0
22,56215.09,19553.09,6,6,employed,bachelor,1
31,120635.25,23468.65,5,1,unemployed,bachelor,0
55,55449.41,18816.62,0,5,self_employed,secondary,1
48,65103.87,22839.43,1,3,employed,secondary,0
20,52044.44,4703.06,11,5,unemployed,bachelor,0
22,67446.51,14026.04,12,2,employed,bachelor,1
45,76712.3,14688.14,4,7,employed,bachelor,0
50,57721.67,13050.0,12,8,unemployed,secondary,1
26,95534.4,18551.09,8,1,employed,secondary,0
26,64782.99,20075.04,5,5,employed,phd,1
24,65409.71,18138.06,6,6,employed,secondary,0
47,41820.05,13584.45,10,1,self_employed,secondary,0
18,68369.98,9114.16,13,7,employed,bachelor,1
47,57319.46,23777.49,7,5,employed,secondary,0
42,47835.21,17797.86,5,3,employed,bachelor,0
42,44470.51,6851.09,11,5,employed,bachelor,1
53,113435.27,13450.5,7,7,employed,bachelor,1
45,54730.45,1053.6,5,6,employed,bachelor,1
55,30860.29,15282.96,6,7,unemployed,secondary,0
57,46035.57,13412.96,8,1,self_employed,secondary,0
65,58968.64,10404.26,2,8,self_employed,master,1
59,70933.34,27676.8,0,1,unemployed,secondary,1
44,71095.93,5750.77,9,6,unemployed,secondary,1
43,73532.29,20651.14,2,4,self_employed,bachelor,0
30,47102.79,32493.67,7,1,employed,bachelor,0
49,66808.81,23618.14,11,7,self_employed,secondary,1
25,42478.81,14747.69,3,5,employed,master,0
66,47607.14,5927.45,5,6,employed,secondary,1
61,41645.82,4103.5,14,4,employed,phd,1
24,36232.22,11707.59,0,3,employed,secondary,0
58,81284.19,9503.99,11,6,employed,bachelor,1
24,73772.23,9243.62,2,2,self_employed,bachelor,0
55,79533.31,12389.49,13,8,employed,master,1
22,60786.26,14182.02,6,7,employed,bachelor,1
43,75536.15,18881.7,0,9,employed,master,1
52,24774.21,5097.63,10,1,unemployed,master,1
55,77261.75,9542.05,2,6,employed,bachelor,1
39,63542.4,13722.62,5,6,employed,secondary,1
65,72542.19,13436.12,7,8,self_employed,secondary,1
58,67600.47,29691.39,11,4,self_employed,phd,1
28,40258.9,16857.97,6,9,employed,master,0
52,30039.2,2091.28,12,3,self_employed,secondary,1
55,45758.92,18345.45,7,8,employed,secondary,1
35,71298.35,19365.31,5,5,unemployed,secondary,0
56,73801.83,13998.98,5,9,employed,secondary,1
64,32641.15,5292.83,12,2,self_employed,secondary,1
60,40378.01,29064.44,9,3,employed,master,1
57,45535.29,6440.93,1,6,self_employed,secondary,1
50,52853.9,20286.18,11,5,employed,master,1
32,32758.98,16600.4,6,2,employed,phd,0
59,31558.96,19806.48,5,6,self_employed,secondary,0
36,43563.29,28654.86,1,4,self_employed,bachelor,0
45,61725.08,19493.11,14,2,employed,bachelor,1
34,36388.11,10530.69,0,5,unemployed,secondary,0
34,57683.93,23847.94,14,7,employed,bachelor,1
26,81171.06,9951.2,0,1,employed,bachelor,0
67,33964.41,16308.46,7,9,employed,secondary,1
25,55871.08,4655.33,1,6,employed,master,1
22,80495.13,6733.75,7,3,unemployed,secondary,0
66,51634.63,15411.09,12,7,employed,secondary,1
46,48526.61,17944.69,8,8,unemployed,phd,0
40,83269.92,1380.88,8,9,employed,secondary,1
56,53875.96,18978.3,1,8,self_employed,secondary,0
37,82089.9,8444.57,14,2,employed,secondary,1
24,68579.31,25237.5,5,2,self_employed,secondary,0
55,53143.11,12184.28,8,2,unemployed,bachelor,1
27,69593.81,6011.02,13,8,employed,bachelor,1
46,66408.99,15606.44,9,3,employed,bachelor,0
67,80417.66,7670.12,11,3,self_employed,bachelor,1
66,49033.09,25151.56,2,9,self_employed,secondary,0
36,60824.12,15004.24,6,2,employed,bachelor,1
58,58769.69,13786.59,8,4,self_employed,master,1
49,74082.96,19734.41,2,3,self_employed,master,1
42,39496.42,6960.42,5,3,self_employed,bachelor,0
25,80339.54,4686.77,12,6,employed,secondary,1
37,69326.58,18266.81,13,7,employed,bachelor,1
51,33661.5,6202.63,12,3,unemployed,master,0
69,84165.26,6199.92,14,1,employed,master,1
18,104681.86,21694.05,14,6,employed,bachelor,1
55,80036.68,19200.51,2,5,unemployed,bachelor,0
62,88539.7,4969.36,12,6,employed,secondary,1
67,61707.43,10046.91,9,5,employed,secondary,0
40,26769.9,7770.15,12,7,self_employed,secondary,1
24,23117.59,29210.55,9,6,self_employed,bachelor,1
32,65101.64,22248.08,1,7,unemployed,secondary,0
62,48160.42,11633.24,8,7,self_employed,bachelor,1
63,41708.47,19609.56,11,5,employed,bachelor,1
51,58745.07,4150.51,1,3,employed,bachelor,1
24,72311.71,9618.83,7,6,employed,bachelor,0
24,30944.85,15838.91,9,6,unemployed,secondary,0
42,51022.45,18617.85,6,6,employed,bachelor,1
48,90197.41,14220.33,11,5,employed,phd,1
19,38494.23,16984.11,1,4,employed,bachelor,1
53,77395.22,15626.69,5,2,employed,master,1
46,50305.38,13691.38,14,4,employed,bachelor,1
18,70915.88,12630.84,7,8,self_employed,bachelor,0
22,81946.55,11589.88,2,7,employed,bachelor,0
41,74825.64,16855.5,1,7,unemployed,bachelor,1
55,78183.19,18286.52,8,7,unemployed,master,1
60,36968.13,16586.87,13,9,employed,bachelor,0
40,82273.19,5571.22,0,3,unemployed,master,0
33,42946.14,7008.58,1,7,employed,master,1
68,65190.84,18191.05,5,1,employed,master,0
41,65164.92,26773.39,3,3,employed,secondary,0
34,69702.45,16219.32,1,1,self_employed,secondary,0
41,66739.13,11706.65,4,4,self_employed,master,0
18,43123.8,16794.72,9,2,employed,bachelor,1
33,33002.65,5905.43,12,4,self_employed,phd,1
44,77446.97,25471.55,4,2,self_employed,secondary,0
65,63716.69,16492.75,10,1,self_employed,master,1
56,82987.54,9644.34,12,5,employed,master,1
58,59105.34,13665.64,0,4,self_employed,master,1
46,31896.71,10783.71,12,4,self_employed,bachelor,0
23,79322.59,25493.36,2,4,employed,secondary,1
38,52592.59,13382.08,10,4,self_employed,bachelor,0
69,66840.07,16242.93,11,1,employed,bachelor,1
20,47050.81,19589.81,12,5,self_employed,secondary,0
63,92886.03,9073.87,6,8,self_employed,secondary,1
53,42468.7,16549.68,9,2,employed,master,1
32,53251.4,17195.48,0,2,employed,secondary,0
58,62148.97,2567.37,6,8,self_employed,bachelor,1
61,38156.35,17021.57,14,5,self_employed,bachelor,1
20,66610.39,14633.9,2,3,self_employed,phd,0
23,92238.21,16039.73,2,8,self_employed,bachelor,0
52,50190.76,15285.04,10,3,employed,secondary,1
69,67902.86,17073.36,7,6,employed,secondary,0
19,10000.0,25698.75,6,6,self_employed,secondary,1
52,59221.42,5563.94,3,2,employed,secondary,0
25,53739.15,12262.78,2,7,self_employed,master,1
51,43630.05,20332.95,11,6,employed,bachelor,1
50,81629.01,18847.41,5,2,employed,secondary,0
22,53475.13,18675.24,11,7,self_employed,master,1
53,56450.45,37028.62,6,6,self_employed,secondary,0
64,52456.14,19913.08,5,8,self_employed,secondary,0
62,21663.68,24047.5,3,8,employed,bachelor,0
19,37360.27,12543.42,9,3,self_employed,secondary,1
30,79221.87,7056.7,4,9,employed,secondary,1
30,17800.99,12485.46,13,1,self_employed,phd,1
41,44673.69,20695.68,6,4,self_employed,master,1
25,52005.6,18254.62,12,6,employed,master,1
62,94872.44,18226.01,7,5,self_employed,bachelor,1
58,75372.08,13285.24,6,3,employed,secondary,1
60,48856.59,12009.58,6,2,employed,master,0
28,86090.27,13561.14,6,8,self_employed,bachelor,0
18,45189.68,20795.8,7,8,employed,secondary,1
65,80182.0,21725.82,13,7,unemployed,secondary,1
33,32822.46,6950.07,10,5,employed,bachelor,1
52,81465.16,21098.74,0,7,employed,secondary,0
65,51877.33,9794.23,0,3,self_employed,secondary,1
19,39429.92,18751.37,0,9,employed,secondary,0
18,55657.13,13464.27,10,2,unemployed,bachelor,1
18,65546.88,27526.31,3,6,employed,secondary,0
26,50105.03,11655.4,5,4,employed,bachelor,1
20,71079.07,16428.89,12,9,employed,secondary,1
60,48340.12,19852.75,1,3,employed,bachelor,0
49,72407.45,8008.33,2,6,employed,secondary,0
68,68844.44,14417.14,1,2,employed,bachelor,1
59,58781.54,12867.32,4,2,employed,bachelor,0
68,51172.35,10889.49,1,4,employed,bachelor,0
30,63030.82,11482.22,9,8,employed,secondary,1
32,71005.07,23896.12,11,3,employed,bachelor,1
62,101235.98,10211.59,2,7,employed,master,1
30,78788.41,19531.26,7,6,employed,secondary,1
20,79519.8,17516.76,4,9,employed,bachelor,1
52,121770.24,3824.16,1,3,employed,bachelor,1
59,70319.17,19153.36,7,3,employed,master,1
68,69692.87,3691.89,10,9,employed,bachelor,1
66,74080.3,20024.73,3,3,unemployed,master,1
24,39820.68,10942.47,11,2,employed,bachelor,1
58,51121.97,15066.94,14,8,employed,bachelor,1
61,49876.61,4645.76,0,8,self_employed,secondary,0
54,72952.28,15979.06,2,1,employed,bachelor,0
60,56516.51,22415.6,4,8,employed,secondary,0
61,62764.47,8544.28,12,6,self_employed,bachelor,1
41,81749.09,10142.66,2,3,self_employed,secondary,1
20,77263.01,18636.97,7,5,unemployed,bachelor,0
41,56765.58,18836.95,8,3,unemployed,master,0
28,46600.1,1000.0,1,2,employed,master,1
23,82705.49,31123.25,0,2,self_employed,secondary,0
24,75477.82,19228.43,1,2,employed,master,1
54,27874.86,20575.35,0,6,unemployed,master,0
44,53736.92,13851.68,7,8,employed,master,1
46,63310.31,1000.0,14,5,employed,bachelor,1
56,75576.59,20397.78,5,1,employed,secondary,0
46,78202.03,10478.5,3,4,employed,master,1
50,65678.12,19351.45,3,7,employed,bachelor,0
22,71704.95,13249.59,14,8,self_employed,bachelor,1
62,61282.74,16904.32,14,7,employed,secondary,1
41,46522.97,8800.03,9,4,self_employed,secondary,1
26,54774.71,21915.11,6,6,employed,secondary,0
60,60379.82,5492.97,2,1,employed,bachelor,1
56,59306.41,32964.56,13,4,employed,bachelor,0
20,22288.54,32903.59,0,5,employed,master,0
28,52050.33,28061.6,2,1,employed,secondary,0
18,61124.11,25203.83,10,1,employed,secondary,1
32,54372.6,14323.61,2,8,employed,secondary,1
23,55063.52,24332.37,1,2,self_employed,secondary,0
54,69759.83,14230.59,8,2,employed,bachelor,0
45,38420.86,2571.86,0,6,self_employed,bachelor,0
68,27439.16,27025.61,4,3,self_employed,phd,0
56,53036.6,24030.6,9,9,employed,secondary,0
49,75282.29,14749.29,2,9,unemployed,secondary,0
44,93751.06,5198.53,11,8,self_employed,master,1
20,75642.56,10310.39,1,3,self_employed,secondary,0
21,30634.72,1000.0,9,8,self_employed,bachelor,0
50,55352.66,22560.65,1,3,employed,bachelor,1
18,65132.69,2173.53,10,3,unemployed,master,0
20,63551.82,17294.65,11,9,employed,secondary,0
29,70786.09,8250.45,11,7,employed,phd,1
63,41659.02,3586.37,4,1,self_employed,phd,0
41,61298.86,16906.84,3,8,employed,secondary,0
54,68406.46,12329.6,14,2,self_employed,bachelor,1
39,76513.42,21705.51,10,7,employed,bachelor,1
27,43885.64,4859.16,2,4,employed,secondary,0
37,53096.86,8941.48,0,1,unemployed,phd,0
22,10000.0,1000.0,5,8,employed,secondary,0
58,47570.76,1000.0,9,7,employed,secondary,1
27,49511.7,29385.54,5,8,self_employed,secondary,0
37,39608.31,31668.79,12,6,self_employed,bachelor,0
68,63312.24,15741.81,7,7,self_employed,master,0
48,58881.09,8409.37,14,9,employed,bachelor,1
41,14815.72,12612.41,13,9,unemployed,bachelor,1
46,64310.16,21988.59,7,6,self_employed,secondary,1
58,41433.52,10884.89,12,1,self_employed,bachelor,1
31,69713.78,16901.07,6,4,employed,bachelor,1
51,34362.98,14897.95,0,6,employed,bachelor,0
63,60600.13,10449.5,4,1,employed,bachelor,0
47,54336.73,10790.46,6,2,employed,phd,1
41,66062.04,17346.57,14,4,employed,bachelor,1
25,62493.95,7184.89,12,9,employed,bachelor,1
30,54896.72,18613.83,2,3,self_employed,bachelor,1
67,29274.55,11227.37,0,9,employed,secondary,0
46,30455.84,16018.94,7,8,employed,bachelor,0
33,48322.26,26071.7,8,3,employed,bachelor,0
39,59834.4,13654.46,11,3,unemployed,bachelor,1
48,47835.04,22358.43,3,8,employed,bachelor,1
45,72504.24,1000.0,12,7,employed,secondary,1
54,54415.58,11237.1,6,6,unemployed,secondary,0
31,40699.75,15221.51,5,9,self_employed,secondary,1
51,54438.07,30386.65,6,1,employed,bachelor,0
41,64517.2,1000.0,14,4,self_employed,phd,1
66,66497.69,14230.32,5,6,unemployed,bachelor,1
26,97567.58,26653.51,8,1,employed,bachelor,1
25,46621.81,8719.84,13,9,self_employed,bachelor,1
42,58530.43,13297.29,0,6,employed,secondary,0
44,68522.48,17653.91,8,3,self_employed,secondary,0
53,59531.54,16476.07,10,3,self_employed,secondary,0
39,49987.64,27526.16,13,1,unemployed,master,1
65,29014.86,18587.79,0,6,self_employed,secondary,1
42,49783.31,25622.18,10,9,employed,bachelor,0
24,38525.95,12119.93,12,1,employed,bachelor,0
24,25467.87,9075.8,5,4,unemployed,bachelor,0
68,44086.42,13194.21,11,6,employed,secondary,1
24,39058.17,5727.18,7,4,employed,phd,0
67,71675.73,18868.09,9,6,self_employed,secondary,1
32,72021.84,11912.98,5,7,employed,master,1
22,41922.41,9625.69,2,9,employed,bachelor,0
33,54795.43,18989.27,12,6,employed,bachelor,1
49,22835.15,5850.27,3,7,employed,bachelor,1
40,50113.2,21164.02,2,3,self_employed,bachelor,1
58,67979.64,11173.3,13,2,employed,secondary,1
49,76498.76,24272.77,14,1,employed,bachelor,1
38,45739.06,11858.1,9,1,self_employed,bachelor,1
51,81037.1,20055.28,8,8,employed,bachelor,1
68,29686.16,16436.5,5,1,self_employed,bachelor,1
39,35047.44,20951.21,9,5,employed,bachelor,0
25,74193.24,15879.58,9,6,employed,bachelor,0
39,93422.42,1692.82,7,7,employed,secondary,1
61,69868.64,23070.35,9,1,self_employed,secondary,0
29,59193.15,14298.54,8,8,unemployed,bachelor,0
67,16096.33,21316.13,13,4,employed,secondary,0
48,19551.06,20521.97,10,1,employed,secondary,0
49,62588.19,8813.63,5,2,employed,master,1
34,52838.75,7681.64,9,8,employed,secondary,1
65,37883.3,20242.84,3,9,employed,secondary,0
19,61310.65,12574.01,3,7,unemployed,master,0
33,62302.63,22491.43,12,4,self_employed,bachelor,0
39,78888.32,13574.39,8,9,employed,master,1
42,62732.05,23187.28,0,3,employed,bachelor,0
42,84567.89,18386.44,5,3,employed,bachelor,1
25,60159.88,17303.8,14,7,employed,master,1
29,57693.3,12007.91,9,3,employed,secondary,0
22,81286.24,16859.42,13,5,unemployed,secondary,0
47,40431.18,24542.82,8,6,employed,secondary,1
36,116288.95,14566.28,0,2,employed,master,0
47,67505.15,19249.4,2,9,employed,secondary,1
48,67616.59,15370.88,1,2,employed,bachelor,1
54,70501.92,15996.83,11,9,unemployed,bachelor,1
46,97542.73,28787.29,11,3,self_employed,phd,1
51,75850.15,24613.84,6,4,self_employed,secondary,0
48,27898.88,15635.23,10,3,self_employed,bachelor,1
51,88069.41,16715.63,8,5,employed,phd,1
50,53182.07,9385.04,11,1,self_employed,secondary,1
34,62143.1,13616.23,10,2,self_employed,bachelor,1
30,34414.92,17475.18,6,5,employed,secondary,0
58,70524.04,21804.91,9,7,employed,secondary,1
35,46972.51,20993.77,4,9,self_employed,secondary,1
46,62003.39,6125.93,11,8,unemployed,secondary,1
28,54318.02,22815.86,13,9,employed,secondary,1
40,98500.26,14289.81,3,8,unemployed,master,0
45,99645.21,7104.07,10,7,unemployed,bachelor,1
50,60930.26,25691.08,1,4,unemployed,bachelor,0
45,61279.55,26706.23,5,9,employed,bachelor,1
36,52531.14,17109.98,10,9,employed,master,1
68,82120.13,20670.35,4,5,self_employed,secondary,0
44,53421.6,21139.59,3,2,employed,secondary,0
60,51573.25,26166.18,5,1,employed,secondary,1
56,79571.86,20824.55,1,5,self_employed,master,1
47,49234.02,4378.49,9,6,employed,master,1
64,59244.9,31078.46,1,5,employed,bachelor,1
24,28373.78,23525.26,4,9,unemployed,secondary,0
65,74083.81,10923.81,4,5,employed,bachelor,1
62,98817.34,6763.0,14,6,unemployed,bachelor,1
44,74424.51,19038.51,14,7,employed,secondary,1
56,89235.98,12773.92,1,9,employed,secondary,1
45,43077.96,17639.96,2,6,employed,secondary,1
31,64726.49,20947.25,10,6,employed,bachelor,1
59,41136.8,10468.46,4,1,employed,phd,0
30,55444.69,6071.14,9,6,self_employed,secondary,1
34,75444.23,18086.55,13,2,unemployed,master,1
45,62036.41,10732.9,2,4,employed,bachelor,1
61,31747.18,16168.77,14,5,employed,bachelor,1
37,33699.42,4253.39,0,1,self_employed,master,0
43,32376.72,12982.54,3,7,employed,bachelor,1
20,69829.05,20719.62,7,3,employed,secondary,1
24,101277.89,19847.46,13,5,employed,secondary,1
20,87249.16,8693.14,8,4,employed,master,1
21,22080.3,5653.89,2,4,employed,bachelor,1
63,88421.52,15126.11,3,4,employed,secondary,1
61,78728.01,19488.26,11,1,self_employed,bachelor,0
60,29094.0,18241.4,8,2,employed,secondary,1
20,53935.97,10902.72,0,8,employed,secondary,1
22,81910.45,17382.6,7,2,employed,master,1
32,71008.67,27018.84,6,5,employed,bachelor,0
47,33818.1,16641.16,0,2,unemployed,secondary,0
35,72214.84,1934.82,3,5,self_employed,bachelor,0
43,17249.99,16625.6,14,6,unemployed,master,1
26,55543.56,31351.66,10,5,employed,secondary,0
56,82759.14,4700.87,1,7,employed,secondary,1
34,60367.88,15237.8,0,3,employed,bachelor,0
21,50021.25,13189.32,5,6,employed,secondary,0
56,77786.93,15767.06,6,3,employed,secondary,1
64,79495.04,16554.02,6,5,employed,secondary,1
18,86200.79,24119.78,10,1,employed,secondary,1
40,77486.85,15678.27,2,3,employed,bachelor,1
61,81627.5,25218.08,0,7,employed,secondary,1
54,74658.17,14058.75,10,8,employed,bachelor,1
62,65310.57,12198.91,13,3,employed,bachelor,0
39,61790.18,9646.54,2,3,unemployed,secondary,0
37,55254.81,1000.0,5,3,employed,secondary,0
54,35752.63,17206.25,9,3,employed,phd,1
25,40893.77,31432.0,2,9,employed,bachelor,0
30,54359.71,18665.88,12,6,employed,bachelor,1
49,64829.04,20493.98,3,4,self_employed,bachelor,0
52,88816.25,11695.75,7,5,employed,phd,1
24,59164.06,13045.33,5,5,unemployed,secondary,1
44,80069.53,22877.13,10,5,unemployed,secondary,0
36,81586.31,31069.55,2,4,employed,master,1
44,55371.06,26903.58,1,9,unemployed,secondary,1
67,71893.8,21441.96,7,3,self_employed,bachelor,0
21,55129.44,15281.2,12,4,unemployed,secondary,0
69,86442.72,16677.75,9,1,employed,secondary,1
41,72716.87,8971.94,11,5,unemployed,bachelor,0
58,36190.32,3414.66,6,8,employed,bachelor,1
40,63230.49,5985.61,2,9,employed,bachelor,1
34,92962.24,15398.4,6,5,unemployed,secondary,0
58,56375.38,12664.06,14,2,employed,secondary,1
53,68954.3,3244.47,11,7,employed,bachelor,1
25,70917.58,14701.41,10,6,employed,secondary,1
54,39267.54,12452.56,4,9,employed,bachelor,1
57,70214.16,5617.21,8,5,employed,bachelor,1
38,32123.3,12038.57,9,1,employed,secondary,0
66,47487.52,12432.38,9,9,employed,secondary,1
51,81514.46,10066.9,13,7,self_employed,master,1
35,67135.13,22413.36,10,8,employed,bachelor,1
18,53910.44,1000.0,3,2,self_employed,secondary,0
53,68929.22,1000.0,3,5,employed,phd,1
28,58798.16,15026.29,9,5,self_employed,secondary,0
57,60251.57,15769.02,12,3,self_employed,master,1
45,73136.37,18233.72,14,8,unemployed,secondary,1
42,45452.65,10688.21,9,2,employed,bachelor,1
26,60806.73,7656.61,7,1,employed,bachelor,1
54,53754.64,14941.47,12,3,unemployed,secondary,1
26,28287.93,11467.37,14,9,self_employed,bachelor,1
39,41590.88,27408.57,0,2,employed,secondary,0
61,91364.13,12406.18,4,6,self_employed,bachelor,1
65,67694.47,14574.52,5,2,self_employed,master,0
69,33528.23,34803.35,8,4,employed,bachelor,1
67,29192.91,13441.92,4,5,self_employed,bachelor,0
46,57756.72,19449.25,4,1,self_employed,secondary,1
28,91223.73,20170.48,0,3,employed,secondary,0
61,56264.84,20851.21,0,6,employed,master,0
59,86139.99,17315.9,6,1,employed,bachelor,1
69,67038.62,16550.73,14,5,employed,bachelor,0
51,69425.01,15802.67,4,6,employed,bachelor,1
25,33285.59,10392.05,3,2,self_employed,bachelor,0
44,78750.46,17604.15,3,2,employed,secondary,0
41,53301.36,31229.17,14,5,unemployed,secondary,0
61,77261.85,24685.46,9,7,self_employed,bachelor,1
38,43716.6,17431.34,9,1,self_employed,secondary,0
35,63540.99,21846.64,2,4,employed,secondary,0
22,67040.06,8046.59,13,9,employed,bachelor,1
61,56919.33,12915.9,2,4,self_employed,bachelor,1
57,68090.9,22582.8,14,3,employed,bachelor,0
20,54672.06,26897.34,14,7,employed,master,1
40,47018.8,8833.07,8,5,employed,bachelor,1
42,92109.67,11131.29,13,4,employed,secondary,0
42,80979.06,32451.01,14,8,self_employed,master,0
65,44782.71,15770.09,8,1,employed,bachelor,1
25,71368.89,29586.9,11,7,employed,bachelor,0
33,45146.42,16654.86,8,4,employed,master,1
27,36306.31,16969.44,7,8,employed,secondary,0
30,80676.19,12556.07,5,7,employed,bachelor,0
65,25918.01,22540.44,9,9,unemployed,secondary,0
66,78537.12,25862.22,4,2,unemployed,secondary,1
20,54945.55,6719.98,2,2,unemployed,bachelor,0
50,55769.07,12180.4,4,9,employed,secondary,1
30,68195.02,22320.63,0,4,employed,secondary,0
28,71623.98,13963.61,14,8,employed,bachelor,1
33,43473.14,11052.92,3,7,self_employed,secondary,0
28,74354.51,23076.34,11,5,self_employed,bachelor,1
43,62267.41,23827.63,6,1,self_employed,secondary,1
69,34878.9,11402.86,5,1,employed,bachelor,1
48,56602.51,16698.93,3,7,employed,bachelor,0
55,87625.58,5332.2,12,1,unemployed,bachelor,1
43,93531.9,7836.15,7,1,employed,bachelor,1
18,74346.97,15993.32,6,2,self_employed,phd,1
22,36193.13,15251.25,9,9,self_employed,secondary,0
31,69812.14,7264.99,12,6,employed,bachelor,0
30,77017.22,9272.21,9,7,unemployed,master,0
61,74514.16,6479.65,7,6,unemployed,bachelor,0
61,75699.09,18640.48,13,6,self_employed,phd,1
62,67265.26,1000.0,13,3,employed,bachelor,1
51,58551.75,6907.38,14,4,employed,bachelor,1
46,47832.65,1000.0,1,5,self_employed,secondary,1
51,22041.29,18352.16,13,9,employed,secondary,1
39,66792.84,1000.0,2,9,employed,bachelor,0
52,63721.06,15253.83,9,7,employed,bachelor,0
59,71151.52,28116.19,9,8,employed,master,1
57,33249.13,28387.47,3,8,self_employed,phd,1
49,72900.33,1000.0,0,7,employed,secondary,0
21,101090.9,17387.28,14,8,employed,bachelor,1
55,61569.0,7088.23,13,1,employed,master,1
37,58766.69,5454.91,2,1,employed,master,1
56,66180.05,14092.24,9,4,employed,master,1
46,100646.74,24826.33,2,1,employed,bachelor,1
63,39527.04,19797.27,8,4,employed,phd,1
35,64064.14,9278.87,4,2,employed,bachelor,0
66,44006.85,20640.27,11,9,self_employed,secondary,1
61,49059.91,1000.0,8,6,employed,secondary,1
35,59008.19,8976.43,7,1,employed,bachelor,0
43,86946.46,8408.87,10,6,employed,master,0
45,96019.81,15626.57,7,7,self_employed,bachelor,0
57,68962.84,13377.38,0,3,employed,bachelor,1
53,52468.11,13868.23,8,8,employed,bachelor,1
62,109854.78,13602.24,11,9,self_employed,bachelor,1
37,51448.91,15179.26,7,9,self_employed,secondary,1
44,48577.28,19321.05,2,1,employed,bachelor,0
40,24501.14,16194.65,0,5,self_employed,secondary,0
65,87921.83,12725.19,4,7,self_employed,bachelor,1
33,79364.91,18213.99,11,4,employed,bachelor,1
48,108356.11,21608.99,4,5,unemployed,bachelor,0
24,32209.53,10551.79,14,3,employed,bachelor,1
62,89163.42,14524.78,4,4,self_employed,phd,1
37,61402.71,24295.25,6,7,unemployed,master,1
35,76122.0,6177.91,11,1,unemployed,secondary,1
48,27044.46,29437.62,9,8,employed,secondary,0
43,89361.64,4286.76,0,7,self_employed,secondary,1
62,75730.34,12237.08,1,2,employed,secondary,1
45,59221.8,7398.48,2,7,employed,secondary,1
44,72902.25,32503.42,13,5,unemployed,master,0
23,44690.09,10973.2,0,3,employed,master,1
19,48411.2,10993.27,1,5,self_employed,secondary,0
38,50731.11,12034.01,11,5,employed,master,1
69,22945.44,15764.82,9,2,employed,master,1
65,77235.17,12372.47,14,6,employed,bachelor,1
50,83831.87,13936.91,3,6,employed,master,0
50,45973.12,1000.0,9,4,employed,phd,1
38,66964.06,15457.28,2,5,employed,phd,1
27,54689.19,15142.45,8,6,unemployed,bachelor,1
18,66565.48,23308.55,1,5,self_employed,bachelor,0
35,47448.46,25472.49,13,4,self_employed,secondary,1
34,42331.5,13498.34,6,9,employed,phd,0
27,81041.5,21529.83,3,8,employed,secondary,1
31,58722.59,6187.45,14,4,self_employed,bachelor,1
19,100442.18,21138.74,0,7,employed,secondary,1
49,60926.2,10420.19,11,8,employed,bachelor,1
66,41478.44,5522.42,7,1,unemployed,secondary,1
53,84538.82,13515.29,10,6,employed,master,1
41,72616.0,26203.78,3,8,unemployed,bachelor,0
39,74537.46,16448.04,13,1,employed,bachelor,1
33,83812.01,26971.91,6,4,employed,bachelor,1
25,46944.07,9010.14,6,8,employed,bachelor,1
49,57454.93,23382.81,6,9,unemployed,master,0
47,56571.0,9782.72,4,9,self_employed,master,1
18,34185.07,16802.63,4,6,self_employed,master,0
39,54728.2,16733.46,2,1,employed,bachelor,0
32,86727.59,20291.93,7,1,unemployed,master,1
26,64746.76,17005.92,7,8,employed,bachelor,0
54,33078.77,9086.52,5,7,employed,bachelor,1
45,28883.21,22042.46,14,2,self_employed,bachelor,1
50,93295.52,28853.25,1,2,self_employed,bachelor,0
55,58193.62,10329.57,13,2,self_employed,bachelor,1
69,47051.8,1000.0,13,8,employed,bachelor,1
59,54520.16,18994.56,0,7,unemployed,secondary,0
50,30453.84,12350.56,10,9,employed,bachelor,1
63,88461.9,13951.18,3,2,unemployed,bachelor,1
42,52138.94,19449.42,0,7,employed,bachelor,0
69,87348.03,11348.86,12,9,employed,master,1
57,61033.03,12849.18,1,5,employed,secondary,0
51,88590.64,14199.04,4,7,employed,secondary,1
64,65133.89,26758.03,1,6,employed,bachelor,0
44,77064.65,15240.56,2,1,self_employed,secondary,0
55,74381.86,5114.61,0,4,self_employed,secondary,1
32,72465.82,5432.97,12,3,employed,bachelor,0
68,66958.69,16113.84,0,1,employed,secondary,1
50,55342.99,5964.58,11,6,self_employed,bachelor,0
58,98308.69,2501.57,2,9,unemployed,secondary,1
41,41861.26,20084.29,13,1,employed,secondary,1
63,60086.15,20475.99,12,3,unemployed,bachelor,1
21,60297.72,12054.91,9,7,employed,phd,1
23,68048.82,17349.27,12,3,self_employed,bachelor,0
44,51410.55,16504.97,4,2,self_employed,secondary,0
56,66294.93,19819.36,11,2,employed,bachelor,0
60,56623.15,19838.0,3,1,employed,bachelor,0
40,28360.95,1000.0,9,9,self_employed,bachelor,1
51,60191.05,13076.01,13,5,employed,secondary,1
46,37988.69,19143.23,10,9,employed,secondary,1
67,25312.28,11716.35,4,7,employed,bachelor,0
52,62737.47,15289.62,11,4,self_employed,bachelor,1
39,69757.67,21005.6,13,9,employed,master,1
68,70533.96,15647.4,13,3,employed,bachelor,1
23,71343.41,27063.36,11,2,unemployed,bachelor,1
69,21348.22,24015.89,10,8,self_employed,bachelor,1
26,32779.66,14051.49,11,5,employed,bachelor,1
32,99470.43,13415.63,11,4,employed,bachelor,1
60,39055.82,1000.0,2,6,employed,secondary,1
56,72216.82,12387.98,12,9,employed,master,1
68,46261.25,4173.85,2,3,employed,secondary,1
56,61593.45,16769.84,8,9,employed,bachelor,1
51,47334.92,16222.97,5,9,employed,bachelor,1
36,71230.82,20566.85,3,7,self_employed,master,0
18,62735.48,26173.36,4,2,employed,secondary,0
24,51034.2,14789.84,1,1,employed,master,1
33,38996.56,33243.33,6,2,unemployed,secondary,0
20,65355.48,16859.61,6,7,employed,secondary,0
44,35745.62,4518.27,6,4,self_employed,master,0
58,68549.62,10503.42,1,9,employed,secondary,1
68,112529.7,12018.03,9,1,employed,bachelor,1
43,87003.4,19737.02,2,4,employed,bachelor,1
63,74366.96,7422.0,12,3,employed,master,1
69,58287.85,12616.19,0,8,self_employed,master,0
62,21224.95,13711.68,0,2,employed,secondary,1
42,33554.27,11415.03,4,4,employed,master,1
34,85655.86,21491.32,6,8,employed,secondary,1
68,44204.88,20130.57,14,9,employed,bachelor,1
30,46014.96,24332.54,7,9,employed,master,0
39,56686.99,12351.8,5,6,employed,bachelor,1
21,38759.07,24620.22,12,2,employed,bachelor,1
59,35464.63,4088.02,3,1,self_employed,master,0
51,58990.52,3892.93,13,4,self_employed,bachelor,1
22,42169.41,5289.59,6,5,employed,master,1
29,45179.63,15073.69,4,5,unemployed,secondary,0
46,44376.18,24619.02,4,1,employed,bachelor,1
46,70447.2,10182.86,0,7,employed,master,1
59,55357.49,11186.45,10,4,self_employed,secondary,1
31,56428.56,13271.86,8,1,self_employed,bachelor,1
66,71938.92,19582.62,9,9,employed,master,1
41,57159.21,11179.0,9,4,unemployed,bachelor,0
60,54434.92,10732.66,0,3,unemployed,secondary,1
30,69409.01,4236.84,13,5,employed,secondary,1
19,73363.96,10426.23,7,9,employed,secondary,1
20,57058.53,24419.69,10,8,self_employed,secondary,1
37,61612.16,15727.41,0,1,unemployed,secondary,0
67,44364.2,9081.16,11,7,employed,master,1
20,42786.34,24889.15,10,6,employed,secondary,1
37,75382.95,10318.29,5,8,self_employed,master,1
23,68898.84,26359.64,14,9,employed,phd,1
66,69105.97,26228.86,9,7,self_employed,secondary,0
53,65617.09,15448.09,13,6,employed,phd,1
57,60924.07,3011.6,12,4,self_employed,secondary,1
55,73928.24,33316.0,3,9,employed,bachelor,1
52,78702.18,18098.21,14,9,employed,phd,1
58,78224.56,12408.9,11,9,self_employed,master,1
18,57984.44,22649.02,2,9,employed,secondary,1
63,87739.85,20618.42,11,6,employed,secondary,1
56,64569.21,25487.51,6,9,employed,secondary,1
56,72647.52,9701.22,12,8,unemployed,master,1
38,65641.76,17547.79,2,3,employed,secondary,0
59,64940.13,5513.04,3,1,self_employed,bachelor,1
37,45284.96,20330.68,5,9,employed,secondary,0
20,74027.02,14816.44,6,4,self_employed,bachelor,1
65,116905.89,17248.07,9,8,employed,bachelor,1
30,52504.1,13829.2,3,3,employed,secondary,1
23,61419.89,12992.09,10,4,employed,bachelor,1
50,51075.89,8054.15,0,8,employed,bachelor,1
30,50239.6,21323.44,4,5,self_employed,bachelor,0
62,90888.99,26917.63,9,7,self_employed,bachelor,1
41,46540.58,10546.65,3,3,self_employed,bachelor,0
18,50518.39,19428.32,6,6,self_employed,master,0
67,28250.14,18457.47,9,5,self_employed,bachelor,0
44,44847.77,15064.78,3,9,unemployed,bachelor,0
31,25832.0,2787.23,14,5,self_employed,secondary,1
53,72636.09,4587.22,12,1,employed,secondary,1
45,115993.94,8752.14,14,7,employed,master,1
19,52666.42,1000.0,7,9,employed,master,1
57,26664.84,26264.25,5,8,self_employed,secondary,0
38,77999.99,17941.63,14,1,employed,bachelor,1
54,45461.5,14760.31,10,9,employed,bachelor,0
64,85986.94,1000.0,11,4,self_employed,bachelor,1
49,54359.42,1000.0,2,8,employed,secondary,0
52,47363.69,14981.27,13,6,employed,phd,1
31,56440.85,30763.92,7,9,self_employed,secondary,0
30,75155.54,9410.85,11,4,employed,phd,1
39,55451.59,21910.38,12,6,employed,secondary,1
62,50065.51,11160.78,1,7,employed,secondary,0
45,56023.37,15441.91,1,2,employed,secondary,1
36,34562.9,24717.47,0,7,employed,secondary,0
58,67940.63,12232.39,9,2,employed,phd,0
62,24265.47,9479.16,13,8,self_employed,bachelor,1
64,51117.57,26344.56,0,2,self_employed,secondary,0
33,75187.7,15364.46,2,2,employed,phd,1
54,66060.97,23729.64,7,5,employed,secondary,1
48,71806.41,9518.01,5,2,employed,secondary,1
41,58699.09,26253.39,1,1,employed,secondary,0
38,83394.92,17189.02,9,1,employed,bachelor,0
23,78493.98,18478.3,13,3,employed,master,1
32,68922.82,16053.03,3,5,employed,secondary,1
46,78550.92,10956.2,0,1,self_employed,bachelor,0
64,75008.47,14986.54,3,2,employed,secondary,1
63,51210.73,11459.28,2,6,unemployed,secondary,0
27,33122.02,22676.37,6,3,employed,bachelor,1
53,68407.24,13375.54,1,7,self_employed,bachelor,0
22,70921.78,3027.94,5,8,employed,bachelor,0
53,81809.44,1564.61,1,1,self_employed,secondary,1
35,41273.57,1186.25,10,9,unemployed,secondary,1
41,41871.38,19943.77,7,7,employed,bachelor,0
55,69198.01,5787.97,1,8,employed,bachelor,0
40,58576.66,17400.69,0,5,unemployed,bachelor,0
59,22284.77,16092.6,7,1,unemployed,secondary,0
45,67502.16,14482.33,8,8,unemployed,master,0
69,22951.54,18507.24,2,6,employed,secondary,1
51,41094.87,16266.43,4,1,employed,bachelor,0
33,87033.63,1000.0,9,2,employed,bachelor,1
58,96497.58,12411.0,7,2,self_employed,secondary,1
39,35686.87,18400.83,1,4,employed,bachelor,0
45,53412.17,28122.26,5,4,employed,bachelor,0
25,60852.45,28491.66,2,4,employed,bachelor,0
24,95624.54,4094.8,13,8,employed,master,1
47,50142.62,12202.2,12,9,self_employed,bachelor,0
27,50462.32,2471.08,4,7,employed,secondary,1
69,90974.51,27159.08,3,6,self_employed,secondary,1
62,52504.22,23102.85,2,8,employed,bachelor,1
54,74444.03,17804.7,11,3,employed,secondary,1
56,30457.14,16328.76,13,6,employed,master,1
48,56575.35,26045.05,4,6,employed,secondary,0
21,26808.06,24690.6,9,3,employed,secondary,1
38,38891.32,24264.36,3,9,self_employed,secondary,0
43,76784.03,18653.44,13,3,employed,master,1
65,59001.89,12206.17,4,1,employed,bachelor,1
29,53617.89,21137.0,1,3,self_employed,bachelor,0
43,45025.01,21528.34,13,8,employed,secondary,1
35,55586.88,13474.9,14,4,employed,master,1
24,66022.26,12190.01,5,2,employed,master,0
23,79658.32,24066.51,13,8,employed,bachelor,1
36,10000.0,28312.93,3,2,employed,master,1
22,43364.78,9004.83,4,2,employed,master,0
21,63181.92,12892.99,8,9,employed,secondary,1
36,58022.74,17807.46,9,3,employed,secondary,1
28,68067.52,18892.79,5,1,self_employed,bachelor,1
46,65350.81,10821.07,11,4,self_employed,bachelor,0
18,53902.64,30068.17,11,7,employed,master,1
33,49462.94,18376.76,1,7,employed,bachelor,0
41,55089.97,19251.07,14,1,self_employed,secondary,1
68,82974.85,29071.07,2,3,employed,bachelor,0
50,45359.84,11407.51,7,6,self_employed,bachelor,1
63,58743.87,14292.54,6,6,employed,secondary,1
35,63666.84,4973.42,6,6,employed,secondary,1
41,91207.02,13621.2,1,4,employed,secondary,0
39,53993.83,3088.58,5,8,self_employed,master,1
64,79176.13,20982.79,0,1,employed,secondary,0
67,84639.59,18359.97,14,8,employed,secondary,1
68,58724.91,12783.45,2,9,employed,master,1
57,55785.62,14196.61,7,7,self_employed,secondary,0
44,53418.93,21091.73,3,4,employed,bachelor,0
46,54883.54,5913.63,2,4,self_employed,bachelor,0
68,77084.8,16633.34,5,4,employed,master,1
32,64620.2,20596.08,14,2,employed,secondary,1
36,64705.79,1000.0,7,2,employed,secondary,1
64,37495.53,20479.5,14,6,unemployed,secondary,0
38,40650.2,1607.5,12,5,employed,master,1
30,102868.94,14059.24,6,5,employed,master,1
47,56443.49,5692.87,13,5,self_employed,secondary,1
34,44504.56,26449.97,5,1,employed,secondary,1
64,88621.98,5743.03,7,8,employed,secondary,0
65,65636.17,1798.48,10,9,employed,secondary,1
33,71563.1,16066.82,8,3,self_employed,secondary,1
45,57239.06,11690.38,12,3,employed,master,1
69,53626.54,2963.16,2,6,self_employed,secondary,0
56,56608.27,19206.52,7,1,self_employed,master,1
29,32345.24,1000.0,9,1,employed,secondary,1
48,58241.45,6710.07,4,9,employed,master,1
50,65920.66,10398.25,13,2,self_employed,bachelor,1
51,97009.26,21417.78,4,6,unemployed,secondary,0
19,61719.98,25363.75,4,8,self_employed,master,0
33,13316.46,23822.26,4,7,employed,secondary,1
62,58120.29,13773.81,10,3,self_employed,master,1
30,114790.08,1000.0,1,2,self_employed,master,1
33,77327.32,18126.82,2,7,unemployed,phd,1
34,43782.22,26764.59,11,4,employed,master,0
27,71822.13,24870.32,3,9,self_employed,secondary,1
26,45159.73,18703.59,1,6,self_employed,bachelor,1
36,32923.85,5483.98,3,1,unemployed,bachelor,0
63,53032.61,10797.54,5,3,self_employed,secondary,0
18,61830.53,30470.52,0,7,unemployed,bachelor,0
32,22556.89,3666.16,12,7,employed,secondary,0
21,37016.81,5817.27,1,7,employed,bachelor,0
47,60206.71,22540.41,6,3,employed,secondary,0
31,51836.54,11550.73,3,3,self_employed,secondary,1
59,67896.23,5545.96,4,2,employed,phd,1
48,35706.63,27223.77,0,7,self_employed,master,0
58,74282.27,18688.45,14,1,unemployed,secondary,1
51,36324.82,11945.59,14,8,unemployed,secondary,1
40,92854.69,5833.8,1,3,self_employed,bachelor,0
62,25684.83,31379.25,2,5,self_employed,secondary,0
42,38148.91,14804.39,13,3,employed,bachelor,0
67,68347.42,26178.62,6,4,employed,master,0
69,93284.67,22149.07,0,7,employed,secondary,0
48,66300.86,10832.79,2,2,self_employed,secondary,1
53,71257.16,10896.47,6,6,employed,secondary,1
31,60350.74,26570.52,8,1,employed,secondary,0
60,39472.03,26700.14,9,2,self_employed,bachelor,0
52,50197.23,1000.0,2,7,employed,secondary,1
64,35761.81,19398.24,5,6,self_employed,phd,1
31,34425.8,14030.28,3,6,employed,bachelor,0
58,68034.98,6733.41,8,3,self_employed,secondary,1
42,37536.44,17093.97,4,2,employed,bachelor,1
27,66391.08,4203.23,3,4,self_employed,bachelor,0
26,33963.54,11268.36,12,2,self_employed,bachelor,0
47,65927.66,8612.21,8,8,employed,bachelor,0
34,50226.35,11001.67,7,3,employed,secondary,0
23,88132.31,14428.17,2,7,unemployed,secondary,0
40,66474.38,6875.47,1,2,employed,secondary,0
51,84715.66,27585.43,11,6,self_employed,secondary,0
34,44887.07,18946.27,14,2,employed,bachelor,1
67,61122.87,29356.5,8,3,self_employed,phd,1
58,40378.26,13719.36,0,4,employed,bachelor,0
44,51727.9,10609.68,7,2,employed,phd,1
66,54757.92,29067.32,4,2,employed,bachelor,0
40,45482.84,10375.52,0,7,employed,secondary,1
25,35689.94,13573.66,2,4,employed,master,1
19,31729.65,20760.38,7,6,unemployed,secondary,0
66,13205.04,5098.19,6,6,self_employed,secondary,1
67,38873.07,20690.36,8,6,unemployed,master,1
56,72549.88,19666.78,10,6,self_employed,bachelor,1
23,28030.03,25154.6,3,9,self_employed,master,0
33,32637.54,22120.36,4,6,employed,secondary,0
20,95817.97,25399.83,10,4,unemployed,master,0
20,47270.08,14116.62,2,3,employed,secondary,0
30,66420.92,8098.64,1,8,employed,secondary,0
47,72846.34,31879.88,12,4,self_employed,master,1
21,73250.52,2786.44,3,6,unemployed,bachelor,1
69,29553.72,3587.9,1,8,employed,bachelor,0
41,55378.81,19521.02,11,3,employed,master,1
31,27635.45,27999.89,7,3,self_employed,master,0
44,108926.36,16516.41,2,1,self_employed,secondary,1
59,28102.49,22994.43,12,1,employed,secondary,0
34,39043.2,1000.0,3,6,self_employed,master,1
20,39187.98,11003.64,10,5,employed,bachelor,1
20,30066.79,1000.0,9,3,employed,bachelor,1
62,87051.88,21243.29,12,2,self_employed,secondary,0
23,108448.96,2622.15,10,7,employed,secondary,1
51,50485.02,4777.45,10,1,self_employed,phd,1
37,33591.54,19112.2,0,7,employed,bachelor,0
58,15261.49,23494.59,14,9,self_employed,master,1
21,55117.83,13728.26,1,5,employed,secondary,0
64,53672.69,19561.38,3,5,unemployed,secondary,0
54,46974.08,19302.31,6,5,self_employed,bachelor,1
41,64427.51,13276.59,4,1,employed,master,1
28,67903.46,6242.36,8,6,unemployed,secondary,0
68,66461.67,19519.13,0,4,employed,secondary,0
33,53677.5,19904.77,6,5,employed,bachelor,1
43,37967.56,22152.2,5,1,unemployed,secondary,0
38,73316.66,17496.53,9,8,unemployed,bachelor,0
29,60250.28,5652.0,7,4,self_employed,bachelor,0
39,77767.15,20522.72,11,1,unemployed,secondary,0
25,75801.51,14988.95,2,8,employed,bachelor,0
18,31564.76,11138.1,14,9,employed,secondary,1
33,31315.56,12642.91,5,5,employed,bachelor,1
23,44889.19,9477.94,5,1,employed,master,0
39,38874.69,22110.75,8,9,self_employed,master,0
62,75105.04,3655.08,2,2,employed,bachelor,1
26,67026.19,7052.11,12,3,employed,bachelor,1
18,81983.68,12369.82,3,7,employed,secondary,1
23,67929.74,27910.01,13,3,employed,bachelor,1
44,64172.99,23434.24,2,1,self_employed,secondary,0
32,83994.6,1873.27,12,7,employed,bachelor,1
43,69394.55,25810.78,5,3,self_employed,secondary,0
19,61362.02,25795.36,9,8,self_employed,bachelor,1
35,89609.06,5607.93,13,2,employed,bachelor,1
39,62303.62,1000.0,1,9,unemployed,bachelor,0
40,53913.19,14422.23,5,7,unemployed,secondary,0
46,43243.53,23979.4,14,3,employed,bachelor,1
58,74060.51,27730.1,2,6,self_employed,bachelor,1
42,84741.01,8033.38,1,9,employed,master,0
61,58988.25,29015.83,7,1,employed,bachelor,0
45,86158.31,1000.0,0,8,self_employed,secondary,1
31,20599.7,12055.6,14,5,self_employed,master,1
29,58890.93,11662.31,13,9,self_employed,secondary,0
34,59198.1,24218.7,2,2,self_employed,secondary,0
49,45460.11,25386.42,2,7,self_employed,secondary,1
30,107677.22,22633.79,11,9,employed,bachelor,0
65,58676.15,4195.6,7,4,employed,bachelor,1
42,51845.38,21900.95,12,1,employed,bachelor,1
62,60519.24,19072.34,14,4,employed,master,1
53,19943.73,1630.12,6,6,self_employed,bachelor,1
35,44802.64,1000.0,3,6,employed,secondary,0
29,79664.8,23303.91,9,5,employed,bachelor,1
56,47421.09,13559.21,9,9,employed,bachelor,1
35,43422.5,4718.54,6,6,employed,bachelor,0
30,86190.51,13334.62,4,6,employed,bachelor,0
66,86805.09,17912.33,3,9,employed,bachelor,1
43,70339.81,14337.19,7,9,employed,bachelor,0
20,50897.65,2584.11,6,4,employed,secondary,0
43,55210.58,30084.46,6,3,employed,master,0
41,43917.0,23033.74,1,7,unemployed,secondary,0
62,40104.54,12316.98,13,5,employed,secondary,1
55,39111.67,12639.24,10,5,employed,bachelor,0
27,47638.91,17875.9,13,7,employed,master,1
25,39305.58,5963.03,12,6,self_employed,bachelor,1
49,28725.9,17581.41,9,9,employed,bachelor,1
20,64388.05,4354.14,4,4,employed,phd,1
34,64691.91,14435.73,9,7,unemployed,bachelor,1
25,94015.86,5651.43,8,3,unemployed,bachelor,1
19,46633.23,6055.33,13,9,employed,bachelor,1
65,65922.01,28165.78,3,1,employed,bachelor,0
22,66254.25,15473.81,0,7,employed,bachelor,1
18,54923.25,16659.25,1,1,employed,phd,1
66,74886.67,1000.0,2,8,employed,secondary,1
27,75504.58,10223.99,9,9,self_employed,secondary,0
60,66548.22,18689.7,2,8,employed,bachelor,1
19,54887.21,16553.09,2,8,employed,bachelor,1
25,52849.4,1000.0,5,5,employed,bachelor,0
23,32644.92,16657.1,11,3,employed,phd,1
54,43881.64,17932.47,6,9,employed,bachelor,1
50,47559.85,25270.1,4,5,employed,phd,1
42,37520.56,9758.15,4,8,employed,secondary,0
30,68798.48,1000.0,12,7,employed,secondary,1
22,83932.56,7025.83,6,7,employed,secondary,0
47,41838.75,6223.48,5,4,self_employed,master,0
29,65668.83,20893.67,11,4,employed,secondary,0
48,39317.78,1000.0,5,4,employed,secondary,1
53,53901.56,11413.15,5,6,unemployed,bachelor,0
62,46193.41,26406.36,11,7,self_employed,secondary,0
43,72037.91,15057.7,4,2,employed,bachelor,1
18,46424.24,22170.53,7,3,employed,master,1
32,80233.21,1865.61,9,1,employed,secondary,1
62,55085.58,2184.08,3,5,employed,bachelor,0
45,47007.93,26497.94,1,7,unemployed,secondary,0
50,34933.89,15809.72,12,2,employed,secondary,0
41,65064.09,15826.19,4,7,employed,secondary,0
26,77904.37,6054.78,5,1,employed,bachelor,0
64,65466.43,15806.25,8,8,employed,bachelor,0
58,104776.63,5832.5,1,7,employed,bachelor,1
69,88595.75,24494.96,0,7,employed,master,1
62,53849.44,36822.65,6,7,employed,secondary,0
33,53639.45,18871.53,14,4,unemployed,bachelor,0
31,69393.93,9920.43,8,9,self_employed,bachelor,0
30,43239.62,1000.0,8,7,unemployed,secondary,0
65,83325.77,1524.29,9,2,unemployed,secondary,1
46,67232.01,27438.89,12,9,unemployed,secondary,1
41,65129.18,6766.47,12,7,unemployed,secondary,1
68,73739.07,12033.32,0,3,employed,secondary,1
49,94456.6,20242.61,8,9,employed,secondary,1
65,63419.11,26858.32,8,3,employed,master,1
69,57739.19,13403.3,3,6,self_employed,master,1
22,90174.39,11762.67,14,7,self_employed,bachelor,1
36,79351.01,15572.97,3,9,employed,bachelor,0
56,53580.4,9978.9,12,6,self_employed,phd,1
60,60103.73,10409.45,1,9,self_employed,bachelor,0
25,63907.62,18295.04,9,3,self_employed,bachelor,1
34,67236.26,16482.33,11,8,employed,bachelor,1
46,32868.0,32052.84,7,3,employed,master,0
59,29150.31,18510.79,1,9,employed,master,1
23,42252.2,24209.16,1,7,employed,secondary,0
49,40705.23,6429.72,9,6,self_employed,bachelor,1
33,47123.52,19201.26,12,1,employed,secondary,1
29,72694.21,9216.15,8,5,employed,secondary,0
44,56621.42,18163.63,1,2,employed,bachelor,0
39,63927.89,20508.12,11,9,employed,bachelor,1
51,35513.93,15398.95,6,4,employed,secondary,1
34,50767.16,34258.61,1,8,unemployed,secondary,0
60,71745.15,26423.84,5,9,employed,bachelor,1
22,71899.05,24417.96,3,1,unemployed,secondary,0
62,45508.52,21114.29,14,7,employed,master,1
19,63233.25,29106.89,13,3,employed,bachelor,0
56,103976.96,3504.25,1,1,unemployed,bachelor,1
36,59648.04,25962.26,8,3,self_employed,secondary,0
37,46136.26,7070.05,0,5,self_employed,phd,0
18,56524.75,10485.29,6,8,self_employed,master,1
54,61843.54,19491.14,2,7,employed,secondary,0
26,56976.63,24865.76,11,3,self_employed,bachelor,1
52,59372.91,5771.39,1,3,employed,master,0
55,31131.06,10899.64,13,3,self_employed,secondary,1
61,40747.39,15780.26,3,7,unemployed,bachelor,0
54,57013.3,13509.07,3,5,unemployed,master,0
33,56694.64,21832.26,13,1,self_employed,bachelor,1
56,48676.21,42487.42,13,1,self_employed,master,1
60,56459.73,18354.57,1,1,employed,secondary,1
34,61220.3,9118.43,1,9,employed,master,1
24,77788.27,4627.93,12,5,unemployed,phd,1
64,58015.77,12397.97,14,5,self_employed,secondary,1
25,67982.06,7478.0,7,7,employed,bachelor,1
48,49167.99,18740.4,2,2,self_employed,bachelor,0
30,71441.91,18616.17,2,1,employed,master,0
24,67514.61,11294.65,3,3,self_employed,secondary,0
58,77316.34,30879.64,10,2,self_employed,secondary,0
25,74269.21,9116.42,1,8,employed,master,0
52,71774.71,14044.55,9,8,employed,bachelor,1
54,58031.65,20113.3,12,6,self_employed,bachelor,1
21,64898.78,22136.44,2,9,employed,bachelor,1
26,81270.18,25220.61,14,5,unemployed,phd,0
59,46958.51,18427.97,14,3,employed,secondary,0
44,47431.84,23407.3,4,3,employed,master,0
24,63628.63,9679.13,1,2,employed,bachelor,0
69,68305.59,22344.66,4,9,self_employed,master,1
31,43517.87,22237.83,3,6,employed,secondary,1
18,58504.75,27103.09,4,7,self_employed,bachelor,0
66,58120.02,1652.51,13,3,unemployed,master,1
18,15694.4,7742.54,2,7,self_employed,master,0
46,55608.12,21585.13,4,3,employed,secondary,0
69,56853.64,1000.0,11,5,employed,bachelor,1
48,56794.14,18936.05,0,6,unemployed,secondary,0
48,88318.29,23478.44,0,9,employed,secondary,1
38,35684.03,10389.0,4,6,unemployed,bachelor,0
24,43507.55,11558.48,14,7,unemployed,phd,0
47,10000.0,6406.9,12,6,self_employed,bachelor,1
64,50381.67,10827.62,13,4,self_employed,secondary,0
22,52087.13,11059.45,12,9,unemployed,secondary,1
63,49800.46,9537.27,1,9,self_employed,bachelor,1
39,82153.55,9098.57,6,3,self_employed,secondary,1
45,77212.35,12831.96,7,9,employed,master,1
26,61557.13,12735.17,2,5,employed,secondary,0
50,52587.74,29993.06,14,7,employed,secondary,1
27,80523.79,11846.52,9,5,unemployed,bachelor,1
32,59604.84,17753.2,12,7,self_employed,secondary,1
55,43634.6,10384.94,3,8,self_employed,bachelor,0
20,25675.03,10283.23,10,4,employed,bachelor,1
41,51173.71,1365.04,1,7,unemployed,secondary,0
48,75092.87,2429.07,0,5,employed,bachelor,0
24,105530.77,5344.01,9,8,self_employed,bachelor,1
33,61232.21,16469.57,1,2,employed,bachelor,1
35,44692.89,23609.39,4,7,unemployed,secondary,1
52,36300.7,1000.0,11,6,self_employed,bachelor,1
68,71039.1,10607.39,7,5,employed,bachelor,1
61,24707.68,4064.87,5,4,employed,secondary,0
27,71006.9,12885.78,4,7,employed,secondary,1
18,76354.23,23606.16,10,4,employed,secondary,1
20,68725.59,11424.94,14,1,employed,secondary,0
48,55606.77,14619.86,11,9,employed,secondary,1
26,71298.81,26641.83,5,5,employed,phd,1
30,63418.77,18663.21,6,2,employed,bachelor,0
62,44437.52,8919.27,1,3,self_employed,bachelor,1
63,97008.25,16271.32,2,8,employed,secondary,1
61,52966.41,8379.61,4,3,employed,secondary,0
31,75515.05,18363.86,5,3,unemployed,master,0
50,11627.71,19122.72,14,5,employed,bachelor,1
49,85529.42,4062.72,13,1,self_employed,phd,0
27,89375.27,16401.2,1,6,unemployed,secondary,0
46,60596.68,14059.41,4,1,self_employed,secondary,1
45,71175.42,19357.42,0,8,employed,bachelor,0
38,71170.3,21650.78,0,4,employed,secondary,0
57,47144.33,18819.6,5,2,self_employed,secondary,0
53,70942.45,12574.45,14,5,self_employed,secondary,1
45,43827.39,22466.64,2,2,employed,secondary,1
55,47824.86,8015.5,10,3,self_employed,master,0
57,82538.86,4435.82,5,2,unemployed,master,1
47,79493.15,1000.0,8,7,self_employed,bachelor,0
31,45872.49,14438.87,13,9,employed,bachelor,1
57,45328.47,8427.63,12,5,employed,master,1
55,47088.07,18182.04,12,1,employed,bachelor,0
69,74652.79,1000.0,6,1,employed,master,0
25,40000.3,9822.57,0,8,self_employed,bachelor,0
39,67134.25,18762.16,14,4,employed,phd,1
66,74936.94,6761.31,14,3,employed,secondary,1
44,58235.09,18274.05,12,1,employed,bachelor,1
67,80201.27,10543.82,7,6,unemployed,master,1
18,53913.8,14737.53,4,1,unemployed,master,0
19,55722.89,19761.26,2,9,self_employed,master,0
59,40455.08,22622.38,5,2,unemployed,bachelor,1
36,80343.55,15739.94,5,1,unemployed,bachelor,0
45,44669.59,8487.92,4,7,employed,secondary,0
40,66995.44,11335.69,14,4,employed,bachelor,1
39,58573.68,20095.64,9,7,self_employed,secondary,1
66,38944.34,6829.97,3,1,self_employed,bachelor,1
22,47817.94,13575.47,9,8,employed,master,1
58,87657.44,11912.93,10,3,unemployed,master,0
64,64033.15,14173.11,7,7,employed,bachelor,1
52,39816.99,6925.74,14,9,unemployed,secondary,1
38,66106.57,1000.0,14,5,employed,bachelor,1
26,57077.72,19165.94,6,4,employed,secondary,0
53,129080.93,22713.05,7,3,unemployed,secondary,0
42,65702.48,1000.0,3,7,self_employed,master,0
25,52387.5,17951.41,11,1,self_employed,bachelor,0
36,88400.56,23665.46,13,2,self_employed,secondary,0
68,23179.28,19767.29,9,6,employed,bachelor,1
31,61886.4,11666.64,3,1,employed,secondary,0
27,99888.57,7452.03,7,3,employed,bachelor,1
53,57676.01,15647.82,11,6,employed,secondary,1
28,25333.98,16982.28,0,3,employed,secondary,1
65,52081.64,15766.46,8,9,employed,bachelor,0
62,89090.36,13558.92,9,9,employed,bachelor,1
69,67521.39,6338.79,8,1,employed,bachelor,1
65,43222.88,18381.51,9,2,employed,master,0
30,46295.14,18766.84,13,9,employed,master,1
29,48805.99,16606.58,1,1,unemployed,master,0
35,67223.96,15887.95,8,5,unemployed,phd,0
42,86763.92,28434.0,11,9,self_employed,master,1
63,81048.46,10004.97,12,6,employed,master,1
56,69120.24,25251.48,7,3,self_employed,secondary,0
51,33367.1,9127.8,14,1,employed,secondary,0
63,33441.35,23871.6,4,4,employed,bachelor,1
51,70665.04,24866.94,6,5,unemployed,master,1
37,33090.58,12655.59,12,1,employed,master,1
39,55488.66,28287.7,6,5,unemployed,bachelor,0
44,66083.01,18752.29,5,4,self_employed,master,1
22,37248.12,7981.82,8,3,employed,bachelor,1
56,39514.75,12006.75,9,9,employed,bachelor,1
51,58117.58,24062.1,14,9,self_employed,secondary,1
56,70073.01,22384.52,9,7,employed,bachelor,1
45,81230.38,6535.68,2,6,employed,secondary,1
58,72141.07,13885.94,0,5,employed,secondary,1
67,61473.13,16628.18,14,1,unemployed,bachelor,1
47,45076.1,10939.16,6,3,employed,secondary,0
41,38581.86,33862.4,3,1,unemployed,master,0
23,49782.46,16869.31,3,4,self_employed,bachelor,0
58,68198.71,14505.5,1,5,employed,bachelor,1
65,66732.47,24526.81,2,6,employed,secondary,0
54,18001.96,12078.29,11,4,self_employed,master,1
63,44286.46,23059.42,9,3,employed,bachelor,1
62,84090.15,1658.14,8,7,employed,bachelor,1
59,61584.3,11370.77,0,2,employed,bachelor,1
44,31659.82,23392.56,10,2,unemployed,bachelor,0
23,107116.42,27561.58,14,7,self_employed,bachelor,1
18,59421.17,8813.63,13,6,employed,bachelor,1
28,67686.68,7881.43,5,8,employed,master,0
40,67990.5,19539.57,9,7,employed,secondary,1
56,52648.09,10015.73,4,9,self_employed,master,1
41,45448.53,12851.38,13,6,employed,bachelor,1
19,102433.5,22011.24,13,8,unemployed,secondary,1
28,80064.12,10647.18,3,2,unemployed,secondary,0
68,76438.74,1000.0,7,5,employed,bachelor,1
69,71525.78,4591.32,3,9,unemployed,secondary,1
37,39933.65,15079.64,9,8,self_employed,master,1
59,85550.6,1000.0,4,4,self_employed,bachelor,1
55,43137.35,12622.72,10,9,employed,phd,0
66,65665.74,3863.23,14,3,unemployed,secondary,1
64,27212.2,28119.51,13,1,employed,bachelor,1
50,19182.82,32321.14,2,8,self_employed,secondary,1
38,66365.82,6534.42,1,4,employed,bachelor,1
50,43818.01,17054.07,12,1,employed,bachelor,1
34,20216.65,7316.77,1,2,unemployed,bachelor,0
36,70812.19,12525.48,6,1,employed,bachelor,1
49,102401.62,29427.75,14,9,employed,secondary,1
47,87791.21,11266.49,6,8,self_employed,secondary,1
48,54853.64,12711.7,0,9,employed,bachelor,0
38,60176.91,7459.77,14,2,unemployed,secondary,0
39,77754.13,24169.52,10,8,unemployed,bachelor,1
18,82442.56,1000.0,4,6,employed,bachelor,1
49,53129.29,11457.62,9,3,employed,master,0
47,60683.55,14632.91,9,7,unemployed,phd,1
66,66012.3,9711.38,8,9,unemployed,bachelor,1
44,71077.53,21908.36,14,5,employed,master,1
42,57338.47,24616.22,11,1,self_employed,master,1
21,57598.3,3703.68,3,8,self_employed,secondary,1
28,87596.65,31747.89,14,2,employed,master,1
35,84190.41,3613.93,14,2,self_employed,bachelor,1
37,69548.21,25309.05,0,6,employed,bachelor,0
36,94382.18,16198.62,4,8,employed,bachelor,1
38,52271.08,10970.39,9,8,employed,master,1
57,92459.47,11725.06,13,8,unemployed,master,1
24,70850.31,14731.9,10,8,employed,master,1
35,125420.52,16667.34,8,2,employed,secondary,1
26,36150.36,7638.77,4,3,employed,phd,1
34,46213.09,13128.48,1,7,employed,bachelor,0
53,68375.96,8834.62,13,4,unemployed,master,1
20,67944.68,5279.6,7,7,employed,master,0
35,99002.78,8461.51,6,5,employed,secondary,1
19,46632.51,5800.2,14,5,unemployed,secondary,1
67,78098.37,11638.76,2,1,employed,master,0
55,83249.26,18459.8,3,6,employed,master,1
30,74092.96,15965.68,12,8,self_employed,master,1
28,40780.07,30794.76,4,8,self_employed,bachelor,0
23,88155.18,1000.0,14,4,employed,secondary,1
42,84586.5,18754.73,12,7,self_employed,bachelor,1
57,71991.69,15051.36,1,2,self_employed,bachelor,0
48,64086.95,21525.36,6,6,self_employed,master,1
63,64522.16,20731.72,11,4,employed,bachelor,1
35,58425.28,13680.07,7,9,self_employed,bachelor,0
32,72815.7,16381.21,3,7,employed,bachelor,0
42,60622.7,9047.45,0,1,self_employed,master,0
28,43029.5,19909.44,0,8,unemployed,bachelor,0
68,39028.17,1000.0,2,7,unemployed,secondary,0
27,44959.27,21214.61,3,2,self_employed,bachelor,0
42,64442.64,14814.61,4,3,employed,bachelor,0
45,59460.88,11103.5,12,2,employed,secondary,1
20,64306.88,13139.73,7,3,employed,bachelor,1
42,70016.26,13726.43,2,9,employed,secondary,1
41,47453.58,25378.43,1,9,self_employed,bachelor,0
31,89313.2,40867.95,1,5,self_employed,bachelor,1
24,54645.78,24758.97,4,4,employed,bachelor,0
20,51331.46,10477.39,11,4,employed,bachelor,0
18,69647.72,20038.25,0,9,unemployed,bachelor,1
43,23269.8,20386.63,6,2,employed,secondary,0
22,44189.31,7598.71,6,7,employed,secondary,1
67,79621.46,4913.61,2,9,employed,master,1
30,25251.56,14493.75,0,8,employed,master,0
51,82351.48,21461.66,3,7,self_employed,secondary,0
53,90222.73,2105.53,2,9,employed,secondary,1
43,52610.89,9232.82,11,2,employed,master,1
63,65836.26,19581.21,13,9,employed,secondary,1
23,82381.74,15333.79,9,1,employed,phd,1
30,50664.22,26330.19,11,1,employed,master,1
31,77355.51,3709.06,11,2,employed,secondary,1
25,46577.02,33817.32,13,6,unemployed,secondary,0
33,50447.95,2696.06,1,3,self_employed,phd,0
34,44013.27,1000.0,14,6,employed,secondary,1
57,66852.94,14528.7,6,1,employed,bachelor,0
33,83159.38,5924.33,8,7,self_employed,secondary,1
63,56317.74,14689.95,11,3,employed,bachelor,1
58,34575.02,14410.18,7,5,employed,master,0
64,38345.86,13433.81,3,2,employed,bachelor,1
23,67891.99,8260.71,0,9,employed,secondary,1
69,96882.33,18461.25,2,4,unemployed,bachelor,0
49,67874.5,12461.3,1,6,employed,bachelor,1
69,52262.07,23829.32,5,5,unemployed,secondary,0
36,75323.68,13557.02,11,6,unemployed,master,1
67,55210.03,7282.82,5,5,unemployed,bachelor,1
48,52434.3,1498.32,8,1,self_employed,secondary,0
21,40830.82,13623.12,2,8,unemployed,phd,1
39,88168.98,4846.36,8,6,employed,bachelor,1
25,10000.0,4200.31,14,3,unemployed,secondary,1
66,75957.18,19219.66,4,1,employed,secondary,1
33,50725.1,1000.0,7,8,self_employed,bachelor,1
29,51793.19,26297.55,14,3,self_employed,secondary,0
46,93846.3,16277.73,9,9,employed,secondary,0
40,45717.38,14649.26,5,7,employed,master,1
23,46398.62,6721.87,1,9,employed,bachelor,1
60,57392.12,21114.98,14,6,employed,secondary,1
61,68276.95,14976.76,9,2,employed,bachelor,1
56,51162.88,9511.23,0,1,employed,bachelor,0
50,28522.82,16598.6,8,3,employed,bachelor,0
38,42686.04,1537.72,14,4,employed,phd,1
46,85626.68,1917.38,13,6,employed,secondary,1
45,61495.54,6038.51,2,9,employed,secondary,0
26,69021.75,17796.22,6,2,employed,secondary,0
22,54771.58,14973.93,14,6,employed,secondary,1
31,46810.05,23391.83,11,1,employed,bachelor,1
41,93551.39,7640.08,8,5,unemployed,secondary,0
26,56236.16,19597.34,4,1,employed,bachelor,0
23,51132.6,14089.04,11,4,employed,master,1
62,81922.85,7455.64,8,6,employed,master,1
37,45552.79,18082.46,7,7,unemployed,bachelor,0
48,48105.45,14471.91,13,8,employed,bachelor,0
45,60204.93,9967.05,5,5,employed,bachelor,0
56,60005.4,15335.99,9,3,employed,bachelor,0
56,65192.23,13963.76,0,9,employed,bachelor,0
33,101833.38,13770.5,10,9,employed,secondary,1
62,66724.96,11699.25,8,9,unemployed,secondary,1
37,12438.92,4560.41,13,8,unemployed,bachelor,1
61,66525.98,15598.12,4,8,employed,bachelor,0
39,60757.6,8578.29,13,1,employed,secondary,1
23,60869.0,6837.37,8,6,employed,secondary,0
57,64918.95,13074.4,3,4,unemployed,master,1
19,59426.43,20872.21,2,3,unemployed,secondary,0
58,58947.76,16484.91,2,1,employed,bachelor,0
20,72260.88,10750.86,4,2,employed,secondary,1
28,49158.38,10429.23,8,9,employed,secondary,1
49,41046.27,20086.51,13,9,self_employed,master,0
66,120475.63,1000.0,14,7,employed,secondary,1
39,45682.85,21378.92,10,1,employed,secondary,1
24,62002.86,1000.0,7,7,employed,phd,1
30,30086.79,3676.74,9,2,employed,bachelor,1
64,62329.37,10885.87,4,7,unemployed,bachelor,1
55,41335.49,32360.99,3,1,employed,bachelor,0
23,51150.54,28419.35,8,3,employed,secondary,0
38,80901.29,20651.9,12,2,self_employed,bachelor,1
31,69440.19,17852.34,0,9,self_employed,bachelor,0
27,71368.19,1000.0,1,6,self_employed,secondary,0
62,24575.9,16254.07,2,9,self_employed,secondary,1
50,96737.9,10606.23,3,1,employed,bachelor,1
27,36162.37,8466.65,2,7,employed,secondary,0
51,90571.22,16238.42,1,5,employed,secondary,1
39,80430.88,11231.12,0,5,self_employed,bachelor,1
21,71546.65,21954.4,5,8,unemployed,bachelor,0
41,42900.3,1000.0,10,1,employed,bachelor,1
27,63031.8,15600.09,2,9,self_employed,secondary,0
30,50581.57,7967.22,4,1,self_employed,bachelor,0
63,60580.79,11722.91,14,4,unemployed,master,0
54,55002.55,17437.01,2,2,employed,bachelor,0
24,19227.79,6061.54,14,5,employed,master,1
62,82435.68,16313.86,7,6,self_employed,bachelor,1
47,58377.86,13301.29,10,6,self_employed,secondary,0
63,50303.99,9715.31,4,8,self_employed,bachelor,1
56,48793.46,11235.42,4,7,unemployed,bachelor,0
35,67169.19,13763.58,5,9,employed,master,0
45,42124.87,8857.31,1,5,self_employed,secondary,1
45,14896.49,15056.76,4,2,employed,secondary,1
55,68142.6,12774.59,13,2,employed,master,0
30,70382.06,10109.74,0,3,employed,secondary,0
35,56007.36,27718.74,8,6,employed,bachelor,1
30,37041.94,18321.92,10,1,employed,secondary,1
33,61778.71,11938.3,2,9,self_employed,phd,1
26,30709.35,16166.88,1,9,unemployed,secondary,0
19,39455.39,6785.44,8,2,employed,bachelor,0
66,44986.04,11505.83,3,8,employed,bachelor,1
21,76878.78,12439.38,14,6,employed,phd,1
64,52747.78,5025.65,2,5,employed,phd,1
18,51042.67,18098.83,1,7,employed,master,1
58,99093.85,10955.1,4,6,employed,secondary,1
35,67049.25,12156.27,4,3,unemployed,bachelor,0
44,66779.89,10450.24,2,6,employed,master,0
32,52605.99,38672.72,9,2,self_employed,bachelor,0
43,48072.57,9699.08,5,3,self_employed,master,0
41,16271.87,1000.0,7,9,employed,master,1
45,79374.81,2200.54,3,2,employed,secondary,1
38,68966.19,21074.42,1,6,employed,secondary,0
45,56416.68,25691.62,0,3,employed,secondary,0
60,57255.47,9545.62,0,5,unemployed,bachelor,0
40,74722.89,25231.6,13,3,employed,bachelor,0
36,28905.8,20932.72,3,6,employed,secondary,0
24,48202.37,13484.16,4,6,employed,bachelor,0
36,37273.94,12916.43,8,6,employed,secondary,1
24,95430.19,16446.96,1,3,unemployed,bachelor,1
27,77513.11,22019.65,9,6,employed,bachelor,1
67,15946.15,18178.36,7,7,self_employed,bachelor,0
22,29724.77,9585.53,11,7,employed,secondary,0
43,57353.09,13606.34,1,6,employed,bachelor,0
61,50551.2,30850.11,0,3,employed,master,0
67,33512.36,17009.71,11,5,unemployed,bachelor,0
25,98895.24,21954.6,5,5,employed,phd,1
26,66250.8,19319.08,0,9,self_employed,secondary,0
37,69496.33,17186.86,8,4,employed,secondary,1
46,46159.7,15869.59,6,3,self_employed,secondary,0
67,74445.48,22179.13,14,7,employed,bachelor,1
28,52391.34,20749.14,14,6,self_employed,secondary,0
26,54333.14,17111.15,8,4,employed,master,0
31,72220.04,9449.9,2,1,employed,bachelor,0
63,27420.05,18084.47,11,7,unemployed,master,1
19,91940.56,14463.94,3,7,employed,bachelor,1
37,63647.78,12533.95,12,9,employed,bachelor,1
24,85618.88,36430.21,9,5,employed,bachelor,0
26,38491.6,2687.59,5,5,employed,bachelor,1
65,41536.7,22668.1,14,2,employed,master,1
18,36762.0,8098.63,7,5,employed,secondary,0
34,65005.95,16049.56,5,1,employed,master,1
65,61319.67,35548.7,2,5,employed,bachelor,0
49,50711.76,7301.05,9,7,self_employed,bachelor,0
21,39718.62,9209.02,4,8,unemployed,secondary,0
42,34668.07,14859.89,2,6,self_employed,secondary,0
68,59030.32,8222.26,1,8,employed,secondary,0
38,50688.26,22072.45,9,6,self_employed,bachelor,0
45,46287.86,10723.76,13,8,employed,secondary,1
45,90941.79,20232.08,3,4,self_employed,phd,1
52,58353.49,4366.49,3,6,employed,phd,1
27,85400.86,1000.0,9,6,employed,secondary,1
61,49334.96,13168.12,2,6,self_employed,bachelor,1
69,64895.53,2451.94,1,6,employed,secondary,1
25,58890.48,27146.15,9,8,self_employed,secondary,0
60,26047.55,2761.57,7,3,self_employed,secondary,1
60,88566.77,6698.51,0,3,employed,master,1
56,57296.93,18308.96,3,5,employed,master,0
37,74928.36,10309.09,2,6,self_employed,secondary,1
42,44959.43,2852.9,10,5,self_employed,secondary,1
61,56703.11,31319.71,9,2,self_employed,bachelor,1
25,42662.95,6986.93,11,8,employed,bachelor,0
61,84719.97,13429.94,1,5,self_employed,secondary,0
65,66228.19,13326.46,12,4,employed,master,1
53,67341.07,20682.47,3,8,employed,master,1
35,87163.68,18698.82,14,4,self_employed,bachelor,1
47,83126.83,8385.59,13,2,employed,master,1
20,75306.85,12393.38,6,9,employed,bachelor,1
66,31565.45,13184.62,11,4,employed,bachelor,1
35,46086.42,20991.68,10,9,self_employed,master,1
20,39922.24,5653.42,11,5,unemployed,bachelor,1
59,74550.67,31144.88,0,3,unemployed,bachelor,0
52,63413.04,8926.53,1,4,employed,secondary,1
50,32189.75,14930.0,13,9,employed,bachelor,1
20,56225.12,5720.08,11,9,self_employed,secondary,0
57,30117.75,4614.73,9,2,employed,secondary,1
51,58936.87,8004.57,4,9,employed,bachelor,1
59,26892.55,7235.81,6,8,employed,bachelor,1
61,70576.55,11685.94,5,6,employed,secondary,1
29,67559.25,7168.28,6,2,self_employed,secondary,0
28,98158.97,20564.42,9,6,employed,master,1
66,76957.47,8736.13,11,4,employed,bachelor,1
45,51541.71,7849.48,5,2,self_employed,bachelor,0
40,76361.4,11856.25,12,9,self_employed,master,1
32,32046.72,22942.71,1,6,employed,master,0
51,40750.55,16719.01,12,1,employed,secondary,1
57,66662.85,14202.48,10,4,unemployed,bachelor,0
18,16835.01,3535.64,7,8,self_employed,secondary,1
46,59256.78,5858.33,5,4,employed,bachelor,1
69,39594.73,4772.72,5,5,self_employed,bachelor,1
32,62026.14,25454.81,5,2,unemployed,secondary,0
32,38445.27,19244.5,14,1,employed,bachelor,1
63,68484.96,8107.04,0,9,employed,secondary,1
21,60386.55,10485.03,9,9,employed,bachelor,1
38,88007.32,8397.68,14,1,self_employed,secondary,0
41,60134.69,7913.11,8,5,employed,master,0
59,44627.14,18682.41,9,7,employed,bachelor,1
24,55062.28,12699.71,8,8,employed,secondary,1
40,33115.27,31649.34,7,6,self_employed,master,0
25,68122.75,25002.88,9,8,self_employed,secondary,1
58,71797.0,25475.84,13,2,employed,bachelor,1
50,109383.92,20370.86,10,1,employed,bachelor,0
43,47563.28,11618.73,12,5,self_employed,secondary,1
38,54644.11,19782.33,8,3,employed,secondary,1
25,48484.83,12209.34,11,7,self_employed,secondary,1
65,64242.27,28042.21,13,4,employed,bachelor,1
51,67633.81,18234.24,3,4,unemployed,bachelor,0
34,58932.5,17098.88,12,5,employed,secondary,0
39,81726.52,16016.58,10,9,self_employed,secondary,1
55,47660.41,28922.13,6,1,employed,master,1
55,79723.48,3530.0,11,5,employed,secondary,1
41,70769.96,29706.3,2,4,self_employed,secondary,0
33,59759.4,13510.77,10,1,employed,bachelor,1
52,53701.27,3750.81,8,8,self_employed,secondary,1
52,108533.36,8982.32,13,9,employed,master,1
49,43659.83,1793.54,9,2,employed,secondary,1
21,65958.66,20229.25,7,7,unemployed,master,0
42,44995.62,6693.66,7,7,employed,bachelor,1
49,95712.41,16349.34,8,7,unemployed,secondary,1
67,77736.53,24073.74,13,5,employed,bachelor,1
45,46433.0,9623.86,11,3,employed,phd,1
35,70251.9,12855.17,1,1,self_employed,bachelor,0
46,65153.91,4573.07,7,1,employed,secondary,1
27,49667.5,11893.14,4,2,employed,master,1
22,75163.28,35592.19,2,5,employed,secondary,0
53,67786.11,21223.47,12,2,employed,secondary,0
69,64313.97,12882.16,12,7,self_employed,secondary,1
61,59161.61,10106.5,14,6,employed,master,1
48,68621.09,14658.93,5,4,employed,secondary,0
20,64587.75,16040.41,6,1,employed,secondary,0
69,61181.87,11647.44,11,5,employed,master,1
41,47179.68,19240.47,2,8,employed,bachelor,0
33,93875.32,7372.42,0,4,employed,secondary,1
64,38991.6,7332.9,6,8,self_employed,bachelor,1
56,68552.72,17961.56,9,3,self_employed,secondary,1
56,53595.19,5650.87,6,1,employed,bachelor,1
32,95190.95,20832.14,3,6,employed,secondary,1
69,41930.35,14885.76,7,8,employed,bachelor,1
41,45294.73,1000.0,14,8,employed,master,1
45,40603.64,15875.99,4,9,employed,secondary,1
57,66469.3,1518.83,6,1,unemployed,secondary,0
52,32538.99,20546.9,4,1,self_employed,bachelor,0
26,50429.43,13010.29,4,6,employed,master,1
33,16952.68,29808.67,9,9,employed,master,1
36,64808.43,23570.5,5,9,self_employed,master,1
67,49995.7,6514.46,9,3,unemployed,phd,0
55,30238.87,1000.0,0,4,employed,master,1
37,81712.19,8959.19,9,6,self_employed,phd,0
56,33846.66,5229.93,1,9,employed,bachelor,1
56,75938.87,29605.9,5,2,self_employed,secondary,1
38,45979.18,14917.48,13,9,employed,bachelor,1
38,92031.43,22467.35,5,8,self_employed,secondary,1
64,74991.01,12719.75,10,1,employed,secondary,1
47,39839.04,13562.66,5,8,employed,secondary,0
25,41658.35,14738.98,13,6,self_employed,bachelor,1
55,72110.5,23852.31,14,9,self_employed,bachelor,1
48,54752.44,17493.0,13,2,self_employed,bachelor,1
44,56613.15,6541.33,5,9,employed,secondary,1
55,85444.78,27980.11,4,1,self_employed,master,0
65,45026.22,12657.48,9,1,employed,bachelor,1
35,61825.88,11355.84,12,5,self_employed,secondary,1
39,79092.56,1000.0,7,6,employed,secondary,1
27,76182.35,20075.2,11,2,employed,secondary,1
51,56807.75,15808.1,13,3,employed,master,1
38,54221.88,15799.41,11,4,unemployed,secondary,0
35,25223.69,11777.4,5,2,self_employed,master,1
54,38875.1,10398.26,3,2,employed,secondary,0
39,66367.18,12043.36,6,2,self_employed,master,0
42,57242.36,18705.29,8,9,employed,secondary,1
40,61498.54,20112.94,12,9,employed,bachelor,1
31,80785.07,13151.75,4,6,employed,bachelor,1
24,36253.54,22591.5,2,7,self_employed,secondary,0
61,55276.39,14368.21,4,2,unemployed,phd,1
22,63774.22,10966.19,8,1,unemployed,bachelor,0
34,45916.8,16587.32,3,4,employed,secondary,0
52,88629.54,4124.91,5,9,employed,master,1
24,78171.74,16861.75,3,5,self_employed,secondary,0
52,65802.67,2662.54,14,8,employed,master,1
56,95884.64,6778.18,7,4,employed,bachelor,1
52,30022.09,1000.0,10,3,unemployed,secondary,0
33,59845.47,13599.06,7,8,employed,secondary,1
19,67326.74,27877.07,0,5,employed,secondary,1
64,41708.9,14063.39,3,7,unemployed,master,0
34,66014.29,20148.68,12,7,self_employed,secondary,1
59,37868.35,33818.51,7,7,unemployed,secondary,0
28,73811.15,18232.45,10,7,self_employed,master,0
26,81156.7,8878.3,11,8,employed,secondary,1
58,65446.67,9979.45,8,5,self_employed,secondary,1
66,22944.04,15005.27,8,3,self_employed,bachelor,1
62,40664.13,9936.84,3,5,unemployed,secondary,0
57,71294.2,10535.3,3,3,employed,master,1
30,60423.97,22882.03,2,1,employed,bachelor,0
65,10000.0,23209.25,4,4,employed,secondary,0
52,84856.61,1824.86,9,5,employed,bachelor,1
26,62733.13,8454.64,13,5,unemployed,secondary,1
24,43618.51,11287.96,6,4,unemployed,bachelor,0
63,79899.11,19792.71,9,7,employed,bachelor,1
32,46449.2,24144.6,12,3,unemployed,master,1
57,46230.96,36615.74,10,6,employed,bachelor,1
25,67167.05,11274.61,3,3,self_employed,master,0
32,95620.77,11674.17,4,9,self_employed,secondary,1
32,92471.74,19708.56,9,6,self_employed,master,0
32,67194.23,9542.27,4,6,self_employed,secondary,0
53,69247.71,13872.31,3,4,self_employed,master,1
65,75829.98,11679.7,8,7,unemployed,bachelor,0
65,34860.33,1000.0,9,4,employed,secondary,1
56,72882.97,15985.87,3,8,self_employed,bachelor,0
28,45318.53,13541.11,0,2,employed,master,0
67,66369.56,25169.85,11,8,employed,master,1
46,55450.65,15043.92,5,9,self_employed,bachelor,1
46,70024.17,4962.02,9,3,self_employed,bachelor,0
54,62362.07,12935.21,2,3,unemployed,bachelor,0
57,10000.0,1000.0,4,9,employed,secondary,1
67,63577.83,5312.66,9,4,employed,bachelor,1
48,72843.06,20084.05,1,7,employed,secondary,0
49,68918.57,13021.28,4,2,unemployed,master,0
56,57948.28,22380.07,10,4,unemployed,bachelor,1
31,92843.23,1000.0,11,7,unemployed,bachelor,1
34,66227.46,13060.31,5,9,employed,bachelor,1
50,68753.47,11195.9,1,4,unemployed,secondary,0
21,80889.84,22646.79,0,1,employed,secondary,0
34,67251.86,20382.1,8,4,unemployed,secondary,0
55,42039.64,20138.02,10,6,employed,secondary,0
68,11233.25,27331.28,8,8,employed,secondary,1
45,50457.58,12055.3,6,8,employed,bachelor,0
38,75218.91,25680.65,0,7,self_employed,bachelor,0
40,52938.07,6646.35,3,2,employed,bachelor,0
53,76023.57,6352.98,0,5,employed,phd,1
46,62974.56,21021.97,6,6,self_employed,master,1
19,85761.32,2962.07,4,5,unemployed,secondary,0
46,54095.67,19582.13,1,9,self_employed,bachelor,0
38,69352.3,15810.51,9,9,employed,master,1
54,70117.7,23574.82,5,2,self_employed,secondary,1
63,90032.04,14524.45,14,9,employed,bachelor,1
68,25867.25,15448.39,6,8,employed,master,1
49,50831.83,19074.12,1,7,employed,master,0
36,76970.32,9698.8,10,4,employed,master,0
41,90917.93,9350.35,10,7,employed,master,1
27,64801.43,18795.44,13,6,employed,secondary,1
66,54145.92,14765.7,10,9,employed,bachelor,1
62,75142.37,11741.49,5,7,self_employed,master,1
62,77374.05,14337.73,10,9,employed,secondary,1
35,52806.77,27756.48,11,4,employed,secondary,1
34,66606.15,11455.85,7,1,employed,secondary,0
62,83610.55,11223.84,11,5,self_employed,bachelor,1
46,97809.18,1340.45,14,9,self_employed,bachelor,1
54,74852.1,14661.18,11,6,employed,master,0
43,60882.78,20255.07,7,7,self_employed,secondary,1
41,58918.5,21689.58,7,6,self_employed,bachelor,0
50,71147.93,15865.74,12,6,self_employed,secondary,1
60,57686.54,22646.67,13,1,employed,master,1
35,63792.81,20849.84,3,4,employed,bachelor,1
60,38842.47,23903.6,0,1,employed,bachelor,1
30,85941.14,22874.42,12,4,employed,secondary,1
38,37196.31,27559.83,3,7,employed,secondary,0
65,51357.76,13642.45,14,8,unemployed,secondary,1
67,61951.87,4383.54,0,3,employed,master,1
66,99819.74,20309.75,13,6,employed,secondary,1
34,51546.34,21244.43,10,3,unemployed,master,0
61,46679.68,27559.96,4,2,self_employed,secondary,0
66,48983.66,25250.32,0,9,employed,bachelor,0
68,93177.94,30563.78,12,6,unemployed,secondary,1
19,10000.0,19958.83,1,2,employed,secondary,0
56,39945.24,16830.48,1,2,employed,bachelor,0
69,114625.77,3920.14,11,1,employed,bachelor,1
57,71817.64,17464.77,10,5,employed,bachelor,1
30,37880.3,10579.97,1,1,self_employed,bachelor,0
57,59161.64,16692.08,5,6,employed,secondary,0
23,61349.09,15436.11,9,4,self_employed,bachelor,1
42,76922.5,18773.87,9,6,employed,bachelor,1
50,96790.04,14221.35,5,2,unemployed,secondary,1
41,67771.03,22480.16,6,2,employed,bachelor,0
54,49204.23,1000.0,1,1,unemployed,secondary,0
30,75741.69,16519.95,0,1,employed,secondary,0
49,46034.95,24619.92,14,1,unemployed,secondary,0
51,39333.25,29960.39,3,3,self_employed,bachelor,1
50,24801.82,20855.69,13,8,employed,secondary,1
33,28697.43,28479.06,0,6,employed,master,0
33,42071.1,16351.49,14,3,self_employed,master,1
31,36444.2,15022.9,6,9,self_employed,secondary,0
42,66264.73,19235.33,12,7,employed,bachelor,1
48,36011.96,14974.45,12,8,self_employed,secondary,1
36,10000.0,8741.14,5,9,unemployed,secondary,0
39,39121.76,10878.08,11,7,unemployed,phd,1
32,50562.81,6102.78,5,9,employed,bachelor,1
29,47891.01,19227.02,11,3,employed,secondary,0
52,90390.49,15091.13,14,8,employed,master,1
60,47729.15,12117.71,12,2,self_employed,master,1
33,77618.47,10466.53,10,3,unemployed,bachelor,0
62,59620.35,19040.45,5,9,employed,bachelor,1
47,59153.91,21243.59,1,2,employed,master,1
26,43292.39,5955.89,7,5,employed,bachelor,1
37,58824.35,4698.52,1,4,employed,bachelor,1
18,44698.08,22636.08,7,1,unemployed,master,0
20,63400.49,3998.93,13,3,self_employed,bachelor,1
35,55275.01,19379.89,1,5,employed,secondary,0
41,41107.44,27935.27,13,6,employed,secondary,1
59,79837.89,27953.88,8,7,employed,bachelor,1
24,68536.81,20902.98,0,2,self_employed,secondary,0
61,51038.75,20670.48,10,3,self_employed,secondary,1
30,62909.86,33015.26,0,1,employed,bachelor,0
25,58323.55,1000.0,9,1,employed,master,1
54,42648.18,11285.31,7,4,unemployed,secondary,1
58,61409.92,21787.93,11,6,self_employed,secondary,0
49,47579.76,12301.7,5,4,employed,master,0
24,41101.32,24918.23,1,1,employed,bachelor,0
23,27544.65,14685.17,5,2,unemployed,master,0
38,52827.85,16053.95,11,4,self_employed,bachelor,1
41,71339.41,12802.6,14,4,unemployed,bachelor,1
69,46106.81,10819.91,3,8,employed,secondary,1
32,110414.17,10623.12,5,6,employed,bachelor,1
28,77713.71,17169.33,13,9,employed,bachelor,0
67,86086.6,8803.48,4,2,unemployed,secondary,1
26,75904.86,22625.64,3,4,self_employed,secondary,0
19,97057.3,20225.81,12,1,employed,bachelor,1
39,44259.96,23795.33,7,1,unemployed,bachelor,0
38,10000.0,5968.61,8,9,unemployed,bachelor,0
50,51077.49,1404.19,7,5,employed,bachelor,1
63,71164.37,14966.51,9,6,self_employed,bachelor,1
66,63030.34,38190.4,4,3,self_employed,secondary,0
33,65509.45,25129.67,10,1,employed,master,0
69,86418.2,10564.43,5,9,self_employed,master,1
50,67641.15,18396.1,7,6,employed,secondary,1
21,75978.26,20820.7,2,7,unemployed,bachelor,0
66,41208.75,4052.89,0,5,self_employed,secondary,1
25,38092.13,25957.01,8,4,unemployed,master,0
48,92282.28,13660.61,2,4,self_employed,bachelor,0
59,62018.03,14274.55,13,7,employed,bachelor,1
30,47535.42,15190.28,14,3,employed,master,0
32,47572.11,24156.32,4,4,self_employed,bachelor,0
42,47017.54,8958.54,4,3,employed,secondary,1
64,45820.82,1344.24,7,5,self_employed,bachelor,1
29,34337.04,17583.64,3,9,employed,master,1
52,29991.59,1000.0,12,9,employed,secondary,1
41,56099.91,12591.17,1,5,employed,bachelor,0
23,48141.48,24494.99,6,2,self_employed,bachelor,1
54,82143.19,19632.75,2,9,employed,bachelor,1
61,65861.53,23338.85,12,3,self_employed,phd,0
47,65306.35,19962.81,2,4,employed,bachelor,1
27,45137.59,34282.68,6,8,self_employed,bachelor,0
26,57579.43,10294.08,12,3,self_employed,master,0
40,67220.02,18185.05,6,5,employed,secondary,1
44,74323.91,11495.04,2,9,employed,secondary,1
46,58122.16,22654.41,2,3,employed,phd,0
30,81582.48,14507.4,9,6,employed,bachelor,1
44,60159.79,28750.76,1,1,self_employed,bachelor,0
33,75856.94,10753.47,5,9,employed,secondary,0
53,50202.96,26257.01,9,4,unemployed,secondary,0
59,23748.23,19745.12,5,7,self_employed,secondary,0
51,65367.18,14740.31,12,5,employed,bachelor,1
18,74506.48,19339.54,10,4,self_employed,bachelor,1
69,71506.95,17090.12,2,4,self_employed,secondary,1
19,68443.73,17847.64,12,1,employed,bachelor,1
69,53028.26,13345.03,13,3,self_employed,phd,1
19,43865.07,9387.29,3,4,unemployed,phd,1
44,71034.57,12319.43,5,4,employed,master,0
23,68528.95,1534.84,5,3,employed,bachelor,1
22,48782.02,21735.59,6,6,employed,bachelor,1
53,82188.48,5118.69,6,8,employed,bachelor,1
55,42342.69,13258.82,13,9,self_employed,secondary,1
24,48329.53,20184.36,9,9,employed,master,1
68,92728.5,21715.17,13,6,self_employed,bachelor,0
34,77371.64,1000.0,5,4,employed,bachelor,0
34,52839.81,14265.22,7,6,employed,secondary,1
33,65747.61,18677.96,1,2,unemployed,secondary,0
41,63095.84,15416.13,4,8,employed,master,1
27,10000.0,25752.6,8,5,employed,secondary,0
40,41870.52,8425.54,2,2,employed,secondary,1
28,58983.07,1000.0,14,4,employed,bachelor,1
20,52867.77,21482.61,4,3,employed,bachelor,0
37,64942.05,10703.31,2,4,employed,secondary,1
52,82589.65,1000.0,11,1,self_employed,secondary,1
57,53569.28,13731.9,1,1,self_employed,master,0
36,38846.9,24844.46,4,4,unemployed,master,0
34,66497.03,4893.98,2,3,unemployed,bachelor,0
58,53467.53,33687.97,10,9,employed,master,1
53,56878.73,8296.95,12,3,employed,secondary,1
61,54164.53,15696.09,2,3,unemployed,bachelor,1
65,104836.76,5246.94,6,9,employed,bachelor,1
60,15185.91,15332.88,7,8,employed,master,1
66,52233.32,13930.02,10,1,employed,master,1
39,59926.22,3084.05,5,1,self_employed,secondary,1
38,44377.15,37606.62,7,1,employed,secondary,0
34,77996.52,11037.3,7,5,employed,master,1
30,76265.15,11044.3,0,6,employed,secondary,1
56,59044.91,22752.29,8,4,self_employed,bachelor,0
55,54586.52,29514.04,8,1,employed,bachelor,1
59,57760.86,24011.49,14,2,self_employed,secondary,1
26,57904.27,5390.56,7,6,employed,bachelor,1
43,58432.54,16711.27,13,4,employed,bachelor,1
29,56240.02,1000.0,5,2,employed,master,1
64,65048.99,22213.64,10,6,employed,secondary,1
31,75064.24,1918.49,13,6,employed,secondary,1
25,35394.8,8574.39,2,5,unemployed,secondary,0
47,38986.72,14974.39,8,9,employed,secondary,1
63,25029.64,18560.05,13,8,unemployed,bachelor,0
65,77327.95,12912.52,8,1,employed,bachelor,1
22,65006.47,27152.67,13,9,employed,secondary,1
34,70105.35,20785.92,6,1,self_employed,phd,0
25,31410.04,20157.8,13,5,self_employed,secondary,0
34,95698.96,5164.79,9,9,employed,bachelor,1
45,47822.98,28594.94,7,9,employed,master,0
32,63364.12,8575.48,3,1,self_employed,bachelor,0
21,77087.69,28900.34,2,1,employed,secondary,1
44,40260.4,31177.56,4,3,self_employed,phd,0
20,49073.51,19101.25,11,3,self_employed,bachelor,1
29,63583.44,23256.1,7,3,employed,secondary,0
18,117149.46,1000.0,5,4,self_employed,secondary,0
22,66022.49,13439.98,7,3,employed,master,1
40,92127.22,23817.33,5,6,unemployed,secondary,1
62,84113.46,22396.08,12,8,unemployed,master,1
58,67360.2,5242.21,5,5,self_employed,secondary,0
23,40216.08,12650.22,7,3,unemployed,secondary,0
19,81195.07,1000.0,8,6,self_employed,master,0
35,30037.79,18303.94,9,6,employed,phd,0
51,92017.5,1000.0,5,9,employed,secondary,1
56,64000.11,24043.82,1,9,employed,secondary,1
60,10000.0,24461.8,10,3,employed,bachelor,0
35,53189.88,11205.07,8,9,self_employed,bachelor,1
26,73078.96,19170.21,9,8,employed,bachelor,1
19,55259.52,13263.21,8,2,self_employed,secondary,1
25,74300.12,16935.27,7,6,employed,master,0
21,42999.52,5821.92,14,2,employed,secondary,0
62,33880.35,19979.94,0,5,employed,secondary,1
31,58571.09,1870.52,1,1,unemployed,secondary,0
60,60631.31,1000.0,14,3,employed,secondary,1
46,53032.31,14024.57,13,6,employed,bachelor,1
46,84545.82,13310.05,6,3,employed,secondary,1
41,42995.85,17178.41,8,1,unemployed,bachelor,0
60,66263.31,9803.94,6,4,employed,bachelor,1
20,61359.4,30085.53,14,5,self_employed,secondary,1
22,28865.68,16284.84,6,7,employed,master,1
40,33619.4,16863.05,11,2,employed,bachelor,1
38,60238.22,16577.87,5,5,self_employed,secondary,1
46,99624.0,23023.28,5,2,self_employed,secondary,1
56,71585.4,19608.14,10,2,self_employed,bachelor,0
48,25487.3,18536.14,5,2,employed,master,1
31,10000.0,20887.87,0,7,unemployed,bachelor,0
35,74661.07,1000.0,2,9,employed,master,0
57,58075.73,1000.0,13,6,unemployed,secondary,0
28,82825.32,14391.53,5,4,employed,phd,1
44,42385.64,13418.61,1,9,employed,secondary,0
46,67004.25,19638.48,14,5,employed,secondary,1
57,76923.47,15160.14,14,5,self_employed,bachelor,1
55,51050.73,19654.92,7,6,self_employed,secondary,1
42,51478.29,5035.24,9,6,employed,bachelor,1
34,60505.26,14914.04,11,5,employed,secondary,1
37,70853.53,4271.55,0,5,employed,bachelor,1
39,59713.32,18094.86,4,3,employed,master,0
29,79479.93,1000.0,8,7,self_employed,bachelor,1
50,50761.3,17786.48,8,7,employed,bachelor,1
28,33432.1,3248.0,4,4,employed,secondary,0
51,99539.51,11931.78,0,7,employed,master,1
57,47907.33,22159.42,14,2,employed,bachelor,1
68,48631.16,16819.04,9,4,unemployed,bachelor,1
24,58683.93,1834.72,11,9,employed,secondary,1
57,61343.62,9620.85,6,7,unemployed,secondary,0
22,52266.33,2988.97,7,7,self_employed,bachelor,1
35,59651.32,1441.93,6,8,employed,bachelor,1
27,59204.76,15941.31,6,6,employed,master,1
26,63496.39,19482.39,10,6,self_employed,phd,1
27,12850.25,18524.85,14,5,self_employed,bachelor,1
20,97617.53,19821.01,11,8,employed,bachelor,0
60,57054.23,14904.71,10,7,unemployed,master,1
21,71612.45,12812.88,0,5,employed,secondary,1
38,32437.97,6415.45,7,2,employed,bachelor,0
54,50579.99,11479.36,14,8,employed,bachelor,1
69,46553.68,4429.21,5,3,self_employed,secondary,1
62,89394.48,8238.68,8,4,employed,secondary,0
25,48283.73,15711.41,4,2,employed,bachelor,0
69,75161.6,14057.55,2,2,employed,bachelor,1
51,46991.59,39517.82,10,2,employed,secondary,0
27,50947.62,4233.64,4,1,employed,secondary,1
41,55089.0,13999.21,8,1,unemployed,secondary,1
65,85676.9,3610.14,8,3,employed,master,1
38,22202.95,11897.71,12,7,unemployed,master,1
27,33686.73,12223.25,14,8,self_employed,master,1
63,21053.9,21759.04,8,3,self_employed,master,0
67,38249.96,11402.67,0,4,unemployed,secondary,0
68,43768.0,13469.44,8,8,employed,secondary,0
67,27710.37,11557.46,13,7,employed,bachelor,0
63,45317.05,3791.59,7,9,employed,bachelor,1
41,19705.71,9783.18,8,4,employed,bachelor,1
27,39640.23,11944.51,11,2,employed,secondary,1
50,84008.41,15590.61,6,2,self_employed,master,1
29,68071.76,19471.58,6,7,self_employed,secondary,1
42,63749.35,13123.23,7,1,employed,bachelor,1
52,39944.43,12982.59,12,5,self_employed,master,0
67,29278.3,1233.49,7,4,employed,bachelor,1
33,37216.88,19317.88,4,9,employed,master,0
31,59135.8,9432.82,8,9,employed,bachelor,1
56,77363.54,20976.99,10,5,employed,master,1
18,78047.35,25531.52,13,6,employed,master,1
47,72612.25,13496.68,13,4,employed,bachelor,1
56,45248.86,6813.51,11,7,employed,bachelor,1
46,60491.0,14866.41,11,3,employed,master,1
37,53573.15,17789.62,6,7,self_employed,bachelor,0
61,55976.2,12475.84,5,9,employed,bachelor,1
37,100742.56,10487.69,8,2,self_employed,bachelor,1
54,24760.0,19508.26,10,3,self_employed,secondary,1
42,55306.46,18980.63,7,4,employed,bachelor,1
19,84234.98,12229.68,3,8,employed,phd,0
45,30682.17,1767.47,0,6,unemployed,secondary,1
20,47125.05,18651.03,0,2,employed,secondary,0
66,49419.23,8861.38,6,4,employed,secondary,0
49,55534.21,16714.73,11,6,unemployed,bachelor,0
37,28080.86,16209.26,11,9,self_employed,secondary,1
43,71905.72,1000.0,12,5,self_employed,bachelor,1
50,73325.75,15648.65,10,1,self_employed,secondary,1
31,70167.51,19116.26,0,1,employed,secondary,1
32,42592.53,20097.22,13,1,self_employed,secondary,1
39,61730.22,15938.93,14,2,employed,secondary,0
31,42011.2,1000.0,12,4,unemployed,master,0
57,53348.07,25216.65,6,3,employed,master,1
23,103069.36,18288.18,3,3,employed,master,1
60,61913.91,5373.45,13,7,employed,master,1
36,36249.47,8697.9,2,5,self_employed,secondary,1
47,63606.71,16849.79,11,7,employed,master,1
26,32964.08,20438.27,14,5,self_employed,bachelor,1
38,36019.79,11096.3,13,2,employed,master,1
57,39177.54,21604.2,7,9,employed,bachelor,1
32,51113.81,1000.0,12,5,employed,secondary,1
24,78739.38,6660.33,12,8,employed,secondary,1
45,71567.96,1000.0,14,1,self_employed,secondary,1
26,70459.91,7820.76,5,8,unemployed,bachelor,0
34,38021.51,27064.62,9,7,self_employed,bachelor,1
41,49173.71,31462.42,12,3,employed,phd,1
47,65440.02,16876.72,3,8,employed,secondary,0
51,47433.6,9892.57,3,7,unemployed,bachelor,1
53,54432.67,13226.88,5,9,self_employed,bachelor,1
61,68827.17,18786.72,5,2,self_employed,secondary,0
21,53024.55,2496.15,11,8,employed,secondary,1
36,64521.19,10420.01,14,7,self_employed,bachelor,0
18,91854.57,26479.14,2,4,employed,bachelor,0
18,56562.82,6634.32,4,4,self_employed,secondary,0
29,83586.76,9007.8,13,3,unemployed,secondary,1
49,71187.4,15105.55,8,5,unemployed,secondary,0
64,30655.16,17265.14,3,9,employed,master,1
58,37957.26,9999.97,9,8,self_employed,master,0
51,43328.08,15615.72,13,2,employed,secondary,0
58,42903.3,19863.52,5,2,employed,bachelor,0
26,58194.21,30691.61,7,1,self_employed,master,0
61,72292.88,13990.04,9,6,employed,secondary,1
64,85103.17,14669.62,12,3,employed,secondary,1
22,66163.5,27219.62,8,7,self_employed,secondary,1
42,51086.41,10606.67,14,7,self_employed,secondary,1
61,18355.18,4405.18,11,2,employed,master,1
42,61411.79,17001.99,6,7,employed,master,1
61,60515.4,23609.4,7,7,self_employed,bachelor,1
66,63658.58,17888.38,10,9,employed,secondary,1
42,102124.81,14223.87,1,7,employed,master,1
21,84811.93,3412.85,3,4,employed,secondary,0
35,75701.22,14533.05,3,9,self_employed,secondary,1
29,40758.46,24865.24,12,3,employed,secondary,1
42,49740.11,5127.06,12,8,employed,master,1
48,58103.11,13042.02,12,4,unemployed,bachelor,1
42,44491.86,11900.12,1,9,unemployed,bachelor,0
28,70009.29,9418.36,4,8,self_employed,bachelor,1
33,67138.18,16983.38,4,6,self_employed,secondary,0
53,38233.84,18546.44,0,2,unemployed,bachelor,0
19,83936.33,18462.62,3,2,employed,master,1
29,62046.21,7185.52,6,9,employed,master,0
64,25418.58,1832.13,13,8,self_employed,bachelor,1
23,58973.14,17099.11,2,5,unemployed,secondary,0
39,65624.13,10952.65,12,8,self_employed,phd,1
28,79455.85,29706.5,12,8,employed,bachelor,1
23,53250.47,30076.08,2,4,unemployed,secondary,0
39,76558.77,30925.52,3,8,self_employed,secondary,1
45,63742.84,7479.11,6,8,employed,secondary,1
27,33698.91,19554.95,14,5,unemployed,bachelor,0
22,31696.66,21967.62,11,1,self_employed,bachelor,1
25,82451.2,21066.83,14,7,self_employed,secondary,1
51,83919.68,12164.82,4,4,unemployed,secondary,1
62,66458.18,25233.32,13,4,employed,bachelor,0
27,89914.13,15003.8,14,7,self_employed,bachelor,1
34,81132.2,16024.85,8,8,employed,secondary,0
35,73672.57,2697.33,2,1,unemployed,secondary,0
36,41773.77,20158.12,4,8,unemployed,master,1
30,94628.58,12916.71,1,3,self_employed,phd,1
20,70726.03,18718.23,12,6,self_employed,bachelor,1
45,52283.22,16880.91,4,8,self_employed,bachelor,0
36,46634.6,16447.49,10,2,employed,master,1
35,65135.68,14634.29,4,2,employed,secondary,0
31,26578.82,21292.8,14,9,employed,master,0
66,73993.47,13408.86,11,4,self_employed,bachelor,1
49,40928.58,3358.42,5,9,self_employed,bachelor,1
39,67412.16,19551.64,7,4,self_employed,bachelor,0
28,49567.59,8527.96,0,6,employed,secondary,0
59,54711.63,4405.91,2,5,self_employed,master,1
64,44861.8,6822.05,14,9,employed,bachelor,1
19,56775.41,17266.66,12,5,unemployed,secondary,0
66,97787.59,14227.85,12,5,unemployed,bachelor,1
54,87701.19,1000.0,9,5,employed,phd,1
23,67089.58,11930.75,3,4,self_employed,master,0
57,59494.11,24353.85,1,4,employed,bachelor,0
23,76884.02,11389.63,10,5,employed,secondary,1
20,82599.41,13676.19,4,7,self_employed,secondary,1
23,43403.63,23343.93,0,1,self_employed,secondary,0
41,58451.22,21363.91,0,5,employed,master,0
50,23560.84,23174.01,8,5,employed,master,1
39,82462.04,1000.0,12,7,employed,master,1
24,101300.49,28868.18,5,6,employed,secondary,1
28,61601.65,20091.2,14,4,employed,phd,1
62,17499.8,34691.81,5,1,employed,phd,0
68,72177.81,8741.39,10,4,unemployed,bachelor,1
57,41918.22,1000.0,3,3,employed,master,1
23,46733.01,15057.75,9,2,employed,bachelor,1
60,72531.53,12797.02,4,7,employed,secondary,1
53,65091.08,20229.31,11,5,employed,secondary,1
45,50237.82,23599.43,6,8,self_employed,secondary,0
25,47007.89,14301.65,0,2,employed,secondary,0
69,62516.72,13074.34,3,9,employed,bachelor,1
41,51810.69,19181.76,5,5,unemployed,secondary,0
20,37815.26,12949.37,6,3,self_employed,secondary,0
28,53348.74,12280.14,4,4,employed,secondary,1
38,66791.85,23297.08,8,8,employed,bachelor,1
21,56437.93,25078.22,14,7,self_employed,master,0
34,31729.83,23671.73,10,2,self_employed,bachelor,0
42,79781.29,13654.16,4,9,unemployed,master,1
67,10000.0,1000.0,10,2,employed,phd,1
22,51072.7,13814.35,14,3,self_employed,bachelor,1
47,47596.03,8936.16,3,7,employed,bachelor,1
65,62963.58,13962.2,3,5,employed,bachelor,0
59,71233.24,9631.27,0,5,self_employed,phd,0
66,82535.3,14834.08,12,9,self_employed,secondary,1
26,45751.9,6685.79,12,8,employed,master,1
59,71731.65,4754.26,6,9,employed,bachelor,1
68,63916.37,24781.53,13,3,self_employed,secondary,1
34,25769.21,7242.74,9,8,employed,bachelor,1
43,98010.81,15002.65,14,2,employed,master,1
45,31224.5,22636.12,13,8,employed,master,1
43,68389.95,22314.43,14,5,employed,master,1
33,67799.2,21358.79,5,6,self_employed,bachelor,0
68,65512.74,17422.93,9,2,employed,bachelor,0
67,50108.46,20792.03,2,8,employed,master,0
37,76545.05,25984.71,13,3,self_employed,secondary,1
59,28792.65,18400.18,4,6,employed,secondary,0
38,58683.42,1000.0,6,2,self_employed,bachelor,1
59,48722.51,10771.73,8,9,employed,bachelor,1
48,46454.04,20570.96,11,3,self_employed,bachelor,1
42,68574.96,9983.23,10,7,self_employed,master,1
24,81549.57,27960.85,14,7,self_employed,secondary,1
52,53134.88,14494.56,10,5,employed,master,1
34,75613.62,15681.99,11,2,self_employed,bachelor,1
29,60994.81,23997.95,8,3,self_employed,phd,0
28,42145.36,13537.2,6,6,employed,secondary,1
69,54840.96,16410.22,13,5,employed,bachelor,1
23,54010.28,22192.99,5,6,employed,master,0
59,46066.8,3221.84,9,3,employed,bachelor,1
63,68569.66,12717.61,4,5,employed,secondary,0
19,64692.92,21633.23,7,1,unemployed,secondary,0
48,28187.01,15524.8,5,5,unemployed,secondary,1
48,26969.48,26738.67,3,1,employed,bachelor,0
36,68493.69,2392.61,12,6,unemployed,bachelor,1
52,43694.27,1479.99,11,6,self_employed,bachelor,1
39,66040.82,21157.49,10,8,employed,bachelor,1
40,75618.63,21926.46,1,5,unemployed,secondary,1
40,34580.94,13454.0,3,2,self_employed,secondary,0
59,31769.25,18203.16,3,3,employed,master,0
50,93488.63,20961.66,10,8,employed,master,0
37,67031.42,8489.09,13,9,employed,bachelor,1
66,51615.19,9345.21,5,1,unemployed,bachelor,0
59,41321.19,16517.81,4,7,employed,phd,1
66,49791.18,22232.71,8,5,employed,master,1
55,36188.55,5672.34,14,3,employed,bachelor,1
38,77668.24,13416.42,5,5,employed,secondary,0
58,44464.98,13046.11,4,9,employed,secondary,1
35,81870.69,18343.67,7,2,unemployed,bachelor,0
32,51987.42,14930.41,13,8,employed,bachelor,1
41,39133.0,10632.93,10,1,unemployed,secondary,0
68,51473.97,24988.53,7,7,employed,secondary,1
47,10000.0,10685.94,10,1,employed,master,1
37,57584.63,12663.23,0,1,employed,secondary,0
42,56597.62,2268.02,11,1,employed,master,1
33,76494.85,9290.99,1,8,unemployed,master,0
52,22273.9,19128.61,5,6,self_employed,bachelor,0
36,83237.33,17564.82,5,7,employed,secondary,1
46,76411.99,19796.14,10,2,unemployed,master,1
37,85040.87,19407.86,3,9,self_employed,bachelor,0
34,58945.57,31701.71,3,8,employed,secondary,0
68,80277.94,9017.13,13,5,self_employed,bachelor,1
35,30575.12,2044.61,7,9,self_employed,secondary,1
21,74260.95,6595.58,11,2,self_employed,bachelor,0
37,44576.74,9370.79,8,3,employed,master,1
45,26971.96,7205.38,9,1,employed,bachelor,1
22,37517.19,15749.29,10,2,employed,phd,1
33,60110.62,25021.24,10,8,employed,bachelor,1
26,43514.02,27317.27,13,4,employed,master,0
44,67521.47,19034.47,11,6,self_employed,master,1
55,23835.25,32130.18,4,8,employed,secondary,0
68,17458.05,12149.02,2,7,employed,master,0
38,87447.75,1939.85,12,4,employed,master,1
62,78076.0,23425.42,5,4,employed,bachelor,1
29,39014.06,1000.0,4,1,employed,master,0
58,59940.01,8959.98,1,8,self_employed,secondary,1
47,80390.14,19160.9,8,9,unemployed,secondary,0
57,68384.01,14180.95,7,5,employed,secondary,1
57,62964.46,13472.38,12,5,unemployed,bachelor,1
45,81903.08,5553.68,11,8,unemployed,secondary,1
31,45385.75,14913.58,10,4,self_employed,secondary,0
45,60623.57,23029.3,8,4,unemployed,phd,0
60,59643.03,15159.74,12,9,employed,bachelor,1
68,54544.76,8358.19,14,4,employed,master,1
66,52203.89,5019.69,12,9,self_employed,secondary,1
27,61457.36,8523.24,5,2,employed,secondary,1
49,60688.15,18138.67,4,5,employed,master,1
23,39031.45,17748.82,0,5,employed,secondary,0
52,76035.92,8595.94,14,3,employed,bachelor,1
69,40472.3,1000.0,10,9,employed,phd,1
20,55635.33,18360.1,14,5,employed,secondary,1
52,54094.39,7818.34,11,8,unemployed,bachelor,1
67,67162.07,20512.5,6,2,employed,bachelor,0
62,17617.92,8951.12,2,4,self_employed,secondary,1
38,77818.2,7096.8,0,5,employed,bachelor,1
23,46460.19,16225.38,11,6,employed,bachelor,1
66,84399.27,33861.59,4,3,unemployed,secondary,0
65,50436.7,20992.24,5,3,employed,bachelor,1
48,59023.13,16089.75,12,6,employed,bachelor,1
68,98275.72,17870.81,7,3,self_employed,bachelor,0
18,54453.24,1000.0,14,7,employed,master,1
50,84777.0,6021.28,8,5,employed,master,0
20,60780.9,1000.0,12,9,unemployed,bachelor,0
66,68308.38,28838.99,1,3,employed,phd,1
53,61399.17,27219.09,5,8,self_employed,master,0
65,76957.03,18142.55,2,5,employed,secondary,1
47,46289.37,16080.92,0,1,employed,secondary,1
22,40319.03,2587.28,14,7,employed,secondary,1
19,47228.48,13245.6,7,2,self_employed,secondary,0
35,61994.21,29339.14,5,2,employed,bachelor,1
56,55583.62,16051.33,5,5,unemployed,secondary,0
25,74205.5,10482.83,3,8,self_employed,phd,1
62,86094.63,1000.0,1,3,employed,bachelor,1
30,40483.23,26042.45,13,6,employed,secondary,1
43,45321.02,14439.33,1,1,self_employed,phd,0
28,31275.21,1000.0,5,2,self_employed,bachelor,1
42,100607.46,7605.87,2,7,employed,secondary,1
41,66093.39,4779.7,13,1,unemployed,secondary,1
18,69596.05,13946.05,3,4,employed,bachelor,0
47,33195.83,16658.71,5,5,unemployed,bachelor,0
58,59976.6,10974.26,11,1,unemployed,bachelor,1
66,70184.96,21216.37,8,9,employed,master,1
35,54944.85,15630.42,5,5,employed,bachelor,0
63,81514.11,23498.5,8,4,employed,master,1
63,106236.62,12142.45,6,9,employed,bachelor,1
69,41058.74,39362.6,4,6,self_employed,bachelor,0
37,39558.26,10484.09,8,7,employed,secondary,1
62,42444.88,7773.36,5,1,self_employed,bachelor,1
47,92123.98,6789.6,14,2,unemployed,bachelor,1
21,80847.11,13312.47,6,1,unemployed,bachelor,0
32,57289.44,1243.71,11,5,employed,bachelor,1
52,60731.19,17356.5,3,8,unemployed,bachelor,0
26,43669.13,1000.0,9,9,employed,bachelor,1
40,77800.54,16293.37,8,6,employed,bachelor,1
58,52401.96,4189.99,11,1,employed,bachelor,0
25,54798.47,11949.65,6,6,self_employed,master,0
43,72175.8,19836.32,10,6,employed,bachelor,1
29,56240.1,33432.3,0,6,employed,bachelor,0
45,55300.68,6376.0,10,7,employed,bachelor,1
30,60211.5,13797.46,11,6,unemployed,bachelor,0
68,75907.11,9209.93,7,7,employed,master,1
21,92929.86,8041.04,0,5,self_employed,master,1
68,71709.72,9280.21,8,2,self_employed,master,0
59,76066.28,21592.53,11,1,employed,master,0
62,56002.92,11095.55,6,9,employed,bachelor,1
62,45844.04,32994.5,1,4,employed,master,0
27,73079.72,18327.83,5,3,employed,master,1
66,63424.82,6919.91,14,3,unemployed,master,1
48,31547.43,12066.36,4,1,employed,master,1
68,53438.61,8585.22,7,9,self_employed,bachelor,0
63,58342.06,21400.55,5,1,self_employed,bachelor,0
48,49790.84,1889.76,10,2,unemployed,bachelor,0
37,89634.71,4272.39,6,5,employed,bachelor,1
24,69596.78,10267.63,5,4,unemployed,bachelor,0
23,87463.5,20463.57,8,1,self_employed,secondary,0
38,65268.51,24864.48,8,3,employed,bachelor,0
60,61627.76,26044.34,7,8,self_employed,bachelor,1
44,41268.04,19238.41,3,3,employed,bachelor,0
43,60238.59,14336.88,1,8,self_employed,secondary,1
30,60261.08,21357.01,10,4,self_employed,secondary,0
47,32657.72,5844.0,5,1,self_employed,bachelor,0
51,49209.45,1000.0,9,1,unemployed,bachelor,0
69,53534.35,18493.1,5,8,self_employed,secondary,0
55,68269.59,6954.57,12,4,employed,secondary,1
49,69227.0,14477.55,10,9,employed,bachelor,1
65,48373.63,15957.02,6,8,unemployed,secondary,0
40,69377.39,16984.96,4,1,self_employed,secondary,1
66,56358.42,22502.33,11,3,unemployed,bachelor,0
37,10000.0,21656.6,0,7,employed,bachelor,0
24,50305.96,16560.0,0,1,employed,phd,0
39,81579.77,11463.88,1,9,unemployed,secondary,1
24,26363.88,15862.1,5,2,self_employed,secondary,0
24,62253.82,10230.32,7,8,employed,secondary,0
63,91705.22,13428.57,4,8,employed,bachelor,0
59,44787.74,35945.39,2,5,unemployed,secondary,0
29,60042.98,16457.52,4,8,self_employed,secondary,0
61,33919.67,18601.96,7,8,employed,bachelor,1
21,92544.62,9356.15,4,7,employed,bachelor,0
32,58333.35,23160.59,8,7,employed,bachelor,0
54,60932.54,21082.18,5,4,employed,bachelor,0
33,87086.01,21138.82,14,3,employed,master,0
55,73229.57,16719.13,14,8,employed,bachelor,1
63,42487.43,23273.52,9,3,self_employed,secondary,1
21,47054.44,25173.48,8,4,employed,bachelor,0
19,69898.63,17264.79,0,5,self_employed,secondary,1
66,47517.58,14083.1,9,4,employed,secondary,1
45,17655.13,22156.57,5,4,employed,bachelor,1
44,58935.18,7767.0,4,6,employed,secondary,1
42,30395.75,9256.32,11,3,employed,secondary,0
40,92325.64,14573.6,0,9,self_employed,bachelor,0
53,63535.75,1069.14,3,2,unemployed,master,0
48,41896.5,21620.76,11,4,self_employed,secondary,0
26,46027.35,7296.69,13,8,self_employed,bachelor,1
50,22212.05,11228.07,7,5,unemployed,phd,0
52,38010.76,13293.76,7,7,self_employed,secondary,1
23,80326.46,15314.29,14,6,employed,bachelor,1
37,104635.72,12250.77,1,3,self_employed,secondary,1
59,74527.93,14461.03,7,7,employed,master,1
50,58159.15,14522.98,3,3,employed,secondary,1
25,51360.81,11423.75,7,7,self_employed,secondary,1
20,40870.08,8814.44,13,2,self_employed,phd,0
48,101195.32,23651.79,8,7,employed,bachelor,1
42,56225.03,1000.0,14,2,unemployed,secondary,0
67,102312.6,13354.28,7,8,employed,master,1
45,87870.39,11248.8,12,6,self_employed,master,1
66,25184.07,18350.33,2,1,unemployed,bachelor,0
29,46680.95,3365.66,4,1,employed,secondary,0
41,46619.1,11001.72,4,2,unemployed,secondary,1
25,58403.07,14181.12,11,9,self_employed,master,1
47,58793.71,23560.59,7,6,self_employed,secondary,0
27,119924.78,17657.48,3,3,unemployed,secondary,0
43,38455.44,5532.09,2,3,self_employed,secondary,0
35,64579.4,11100.19,5,1,employed,secondary,1
27,72330.15,22088.41,2,2,self_employed,bachelor,0
23,59968.56,5393.8,10,8,employed,bachelor,1
44,62203.61,14370.85,12,6,employed,secondary,1
67,39103.82,14927.04,14,4,employed,secondary,1
28,62129.72,11913.74,3,1,employed,secondary,0
39,70227.98,36566.01,6,4,self_employed,secondary,0
29,66552.01,11698.15,7,4,unemployed,secondary,0
60,71404.02,18598.12,7,2,unemployed,bachelor,0
39,88252.16,8869.59,6,6,employed,secondary,1
68,78739.33,19221.98,3,6,employed,secondary,1
30,61425.89,21966.3,1,9,employed,bachelor,0
22,36564.83,10296.29,6,4,employed,bachelor,1
48,47999.89,14562.39,1,3,employed,bachelor,0
51,55607.38,7837.76,0,8,employed,phd,0
69,65046.92,5844.77,7,4,unemployed,secondary,1
63,50433.34,23294.36,12,6,employed,secondary,1
63,41285.34,10567.99,8,7,self_employed,secondary,1
50,36236.03,1000.0,0,8,unemployed,secondary,0
36,26976.44,29122.85,12,3,self_employed,phd,1
40,55300.99,8583.24,10,6,employed,bachelor,1
24,30606.69,13029.02,4,2,employed,master,1
40,39989.49,28127.25,4,8,unemployed,phd,0
36,52121.96,13866.06,13,1,employed,master,0
19,33281.65,13693.31,7,7,employed,bachelor,1
28,67595.04,5174.62,2,2,unemployed,master,0
45,74804.46,1921.33,4,5,self_employed,bachelor,1
37,49011.46,13668.91,3,1,self_employed,secondary,1
69,51259.45,17902.48,6,7,employed,bachelor,1
42,70748.6,17444.2,5,5,employed,master,1
67,45720.1,11149.91,8,6,self_employed,master,0
52,44345.32,15162.06,4,4,employed,bachelor,0
20,83929.97,1000.0,9,1,employed,master,0
28,77683.75,18681.34,7,6,employed,bachelor,1
54,72031.0,16291.25,14,7,self_employed,bachelor,1
46,78512.89,30789.29,12,6,employed,secondary,1
33,20454.43,15059.84,4,3,unemployed,secondary,0
45,87076.71,7458.65,0,7,employed,secondary,0
64,67841.24,14594.21,8,5,employed,master,0
38,80215.63,12377.6,5,2,unemployed,phd,0
20,67743.24,18477.66,13,2,unemployed,secondary,0
34,60978.5,15215.14,6,3,self_employed,secondary,1
66,54493.82,4920.43,4,1,unemployed,secondary,0
57,67342.89,1914.05,5,7,employed,master,0
61,53765.04,17103.27,12,1,employed,bachelor,1
65,77357.52,26064.92,1,1,employed,bachelor,1
24,28270.87,15634.78,14,2,employed,secondary,1
32,49168.48,21506.38,3,3,self_employed,secondary,1
21,100896.46,23102.47,12,1,self_employed,master,1
18,47478.39,17134.33,8,6,employed,bachelor,0
61,55226.33,8484.07,8,2,employed,secondary,0
66,42348.38,16562.46,3,8,unemployed,secondary,0
26,66716.91,24656.58,10,6,employed,secondary,1
55,45274.7,19239.12,9,1,employed,secondary,1
45,56287.78,20985.96,7,4,employed,secondary,1
21,76977.33,11299.63,6,2,employed,bachelor,1
65,46024.73,13381.17,8,9,employed,secondary,1
63,75772.22,14050.18,7,6,employed,bachelor,0
47,76444.59,14589.3,14,8,employed,bachelor,1
54,81099.12,24343.67,0,4,employed,secondary,0
38,62810.82,1000.0,3,2,employed,bachelor,1
59,124825.18,15244.31,12,3,employed,master,1
41,81090.67,14364.03,11,4,employed,secondary,0
69,66497.55,4027.99,5,7,employed,master,1
21,42481.51,20374.14,7,4,unemployed,secondary,0
26,58058.82,9204.0,0,9,self_employed,secondary,1
68,88526.54,12143.74,2,4,employed,secondary,1
33,94190.69,29790.26,14,3,employed,bachelor,0
34,89566.58,23079.79,9,5,self_employed,bachelor,0
59,75703.85,19595.9,0,2,employed,master,1
27,34886.8,18046.22,11,7,self_employed,secondary,0
44,69743.24,13682.56,6,1,unemployed,bachelor,0
32,35171.95,30995.02,8,6,employed,secondary,0
28,30250.58,21417.34,12,4,employed,secondary,1
68,64783.17,9003.6,12,4,employed,bachelor,1
28,70463.99,3799.18,2,6,employed,secondary,1
22,78067.54,19534.7,5,7,employed,bachelor,1
53,69942.72,14553.05,4,9,self_employed,bachelor,1
63,70631.72,3568.49,13,3,employed,bachelor,1
24,40306.95,18428.69,11,8,self_employed,bachelor,1
54,57900.47,12847.78,9,8,self_employed,secondary,1
46,29857.66,19245.32,0,9,employed,secondary,0
61,19932.62,18533.92,12,9,unemployed,bachelor,1
24,74812.85,10133.89,8,8,self_employed,secondary,0
68,44937.51,20062.76,4,3,employed,secondary,1
50,77449.97,11016.76,6,7,unemployed,secondary,1
61,82166.95,11536.95,6,8,self_employed,bachelor,1
36,47613.65,10741.83,4,3,employed,bachelor,0
67,71806.22,24047.8,13,8,employed,secondary,1
50,46776.87,12755.42,13,7,employed,secondary,1
24,23082.42,25979.55,0,5,self_employed,secondary,0
65,62466.19,29267.88,14,8,unemployed,secondary,1
59,50582.52,9090.25,6,1,employed,master,1
33,51198.22,1000.0,11,7,employed,secondary,1
46,99506.86,23356.08,11,8,employed,secondary,1
38,29482.86,12264.22,8,1,self_employed,master,1
46,67657.42,8070.51,11,4,employed,bachelor,1
68,40103.86,10290.26,10,5,employed,secondary,1
64,78165.23,11681.49,12,2,employed,master,1
29,65968.62,25377.54,6,8,self_employed,bachelor,1
68,67586.89,16279.29,11,6,employed,master,1
40,41102.21,25268.79,14,3,employed,master,1
54,44688.24,18953.76,14,4,employed,bachelor,1
57,78545.01,12526.15,2,2,employed,secondary,1
43,95415.95,11877.14,7,1,employed,bachelor,0
41,69606.16,19492.87,7,7,employed,secondary,1
41,42051.59,21563.41,9,9,self_employed,bachelor,1
62,66778.77,22974.34,9,3,employed,master,0
38,108549.44,12907.69,12,3,employed,secondary,1
32,62048.46,16401.65,7,7,employed,master,1
36,89236.82,19672.32,10,5,employed,bachelor,0
28,45193.41,11928.28,13,2,employed,secondary,1
38,59158.28,5920.48,1,7,employed,master,1
23,72391.3,8549.83,9,2,employed,bachelor,0
22,67946.57,13071.72,5,2,employed,bachelor,1
55,44672.23,20297.66,13,5,unemployed,bachelor,0
22,43809.65,25071.82,8,7,employed,secondary,1
47,79765.69,4151.62,9,5,employed,secondary,1
58,83831.02,10221.24,11,6,unemployed,bachelor,1
55,90242.87,12137.1,3,3,employed,master,0
41,96078.61,21357.74,8,5,self_employed,bachelor,1
28,62692.39,10775.12,11,7,employed,master,1
66,53776.02,11562.14,11,5,self_employed,master,1
61,87019.82,3704.06,3,3,unemployed,secondary,1
49,74261.39,18867.26,12,9,employed,master,1
22,40350.89,13708.81,2,1,unemployed,master,0
19,39327.29,9767.64,3,9,employed,secondary,0
34,69838.6,12923.89,12,7,self_employed,bachelor,1
26,56454.51,24015.96,9,2,employed,bachelor,1
62,59471.4,6960.9,8,3,employed,phd,1
28,81450.67,8266.72,8,4,employed,phd,1
32,75180.74,25018.02,14,9,unemployed,bachelor,1
68,86597.46,15606.2,3,5,self_employed,master,0
60,21369.28,20358.03,4,3,unemployed,bachelor,0
29,65067.96,18214.02,7,9,employed,master,1
37,73893.77,14717.32,12,2,employed,bachelor,0
44,29468.28,12213.61,8,8,employed,master,1
52,46902.09,21652.46,10,8,employed,phd,1
66,43190.3,24298.69,12,4,employed,secondary,0
63,60433.96,23673.51,13,1,unemployed,phd,1
68,92557.08,5516.23,6,8,unemployed,bachelor,0
20,100451.79,25439.29,6,9,employed,secondary,0
30,43714.25,12136.52,1,4,employed,secondary,1
47,70531.15,8959.76,1,2,self_employed,bachelor,0
20,71175.96,13645.38,7,3,self_employed,secondary,0
36,67752.52,21649.03,11,2,self_employed,secondary,1
25,67979.59,19323.71,12,6,employed,bachelor,1
66,66074.85,12956.91,6,5,employed,secondary,0
21,93751.4,21701.33,8,4,employed,bachelor,0
25,82049.33,16118.88,12,6,unemployed,master,1
28,38796.92,10416.23,4,6,self_employed,secondary,0
25,75914.42,9335.72,2,1,unemployed,bachelor,0
47,77847.47,18281.88,13,4,employed,secondary,1
36,66299.35,14339.86,8,8,employed,master,1
65,82628.49,3995.96,2,8,employed,bachelor,1
31,63761.48,21777.29,3,8,unemployed,master,0
45,64009.35,11157.8,4,9,employed,bachelor,1
52,62424.81,27736.96,3,1,self_employed,master,0
50,19635.12,3776.08,6,3,employed,bachelor,1
59,58392.03,13554.33,12,5,employed,bachelor,1
28,46634.99,9400.18,11,5,employed,secondary,1
44,36271.04,7196.62,13,8,employed,bachelor,1
59,88680.37,11105.67,12,7,self_employed,bachelor,0
62,70084.15,29164.54,4,7,unemployed,bachelor,0
50,59403.38,16146.96,0,2,self_employed,secondary,0
51,48703.93,8666.34,2,7,employed,bachelor,0
62,65923.39,1000.0,11,8,self_employed,bachelor,1
50,79828.72,1229.1,5,7,employed,bachelor,1
67,43460.68,10708.29,10,6,self_employed,bachelor,1
24,59903.43,9930.5,6,1,self_employed,bachelor,0
36,77361.33,13207.59,13,2,employed,bachelor,0
23,21279.98,1000.0,7,7,employed,bachelor,1
22,58848.6,14266.55,13,8,employed,master,1
42,51414.17,23221.84,3,8,employed,master,1
29,57323.4,27982.73,11,4,unemployed,secondary,1
39,49967.43,1000.0,7,6,self_employed,secondary,1
40,62752.49,8588.86,2,2,employed,bachelor,1
50,98472.54,8166.13,3,6,employed,master,1
67,53521.55,16165.77,4,2,self_employed,secondary,0
62,65834.22,5241.82,2,8,employed,bachelor,1
37,99894.93,28458.11,14,8,employed,secondary,1
34,48999.69,15348.18,3,1,self_employed,master,1
58,96293.51,14014.83,8,9,employed,secondary,0
24,60106.46,27741.71,8,8,employed,master,1
46,95637.92,14871.62,8,4,employed,bachelor,1
39,75004.02,18202.43,9,5,employed,master,0
27,66142.17,8993.61,13,1,unemployed,phd,0
50,58687.39,4035.98,14,9,self_employed,bachelor,1
34,47519.17,10117.11,13,1,unemployed,bachelor,1
27,61515.83,32495.81,6,9,unemployed,bachelor,0
51,77947.23,20064.17,10,6,employed,master,1
27,59737.77,17196.28,2,9,employed,bachelor,0
52,53667.54,7189.01,13,4,self_employed,secondary,1
26,54984.35,22290.01,2,9,employed,phd,0
40,79849.53,4138.45,1,4,unemployed,secondary,0
60,84503.23,2463.55,12,4,employed,phd,1
29,46656.99,10528.9,11,4,employed,secondary,0
57,46628.24,30635.93,2,9,self_employed,bachelor,0
55,67587.18,30183.15,14,5,unemployed,phd,1
64,90550.64,11390.1,1,5,self_employed,bachelor,1
26,82919.81,9606.41,0,6,employed,bachelor,1
55,34962.96,1877.1,14,6,employed,secondary,1
66,54718.48,15624.25,3,5,employed,secondary,1
57,41387.93,16296.1,3,4,self_employed,secondary,0
27,54649.75,21316.45,11,2,employed,bachelor,1
60,92088.2,22285.66,9,9,self_employed,bachelor,0
23,31547.99,13420.62,7,5,employed,secondary,0
48,27622.69,19448.22,14,9,employed,bachelor,1
43,43428.92,9394.89,1,5,unemployed,master,0
45,65746.21,19296.34,13,6,employed,master,1
45,72415.1,10942.14,4,5,self_employed,bachelor,1
19,68748.97,18675.67,9,9,employed,phd,0
44,83513.71,18028.01,4,1,unemployed,bachelor,1
66,24738.29,15550.43,4,5,employed,secondary,1
40,83766.73,21356.32,4,2,employed,bachelor,0
32,53758.09,2436.81,8,8,unemployed,master,1
69,74629.89,6480.67,13,5,self_employed,secondary,1
23,33531.49,12839.52,1,9,employed,secondary,0
43,60099.13,3453.89,9,3,employed,phd,1
44,64725.42,11745.08,12,2,employed,bachelor,1
42,83115.02,12002.96,11,6,unemployed,master,0
65,28294.91,25477.47,14,2,self_employed,bachelor,0
39,60615.05,16140.27,0,4,unemployed,bachelor,0
68,38295.29,23235.44,5,3,unemployed,secondary,0
21,70109.92,17413.4,6,2,employed,master,1
56,75544.33,10714.66,8,2,self_employed,secondary,1
48,85743.4,16069.73,4,6,self_employed,secondary,0
30,49299.41,20835.41,3,7,self_employed,phd,0
29,78544.53,24547.21,12,4,self_employed,secondary,0
55,87218.03,13941.52,3,3,employed,secondary,1
51,27135.06,1819.91,14,2,unemployed,secondary,0
49,72246.9,1257.58,0,7,self_employed,master,1
20,79170.23,12388.7,6,8,unemployed,phd,1
49,54825.47,1000.0,9,5,employed,secondary,1
69,35784.53,29360.84,14,4,employed,bachelor,1
18,78859.12,19775.47,11,6,self_employed,bachelor,0
42,36009.82,9914.66,0,9,self_employed,bachelor,0
43,56432.97,6122.82,11,9,employed,secondary,1
64,59197.52,23224.95,4,2,employed,secondary,1
32,74310.76,6090.9,12,5,self_employed,bachelor,0
42,47467.37,6854.19,11,8,unemployed,secondary,1
55,46308.33,8872.43,2,6,employed,master,0
21,61978.31,15912.7,5,8,employed,secondary,0
59,80127.81,19966.38,12,9,employed,master,1
60,105749.0,24541.38,13,1,employed,bachelor,1
55,29850.38,23359.77,9,6,employed,bachelor,0
51,66306.84,15006.19,3,5,employed,master,1
56,38269.3,23164.18,5,3,self_employed,secondary,0
58,80376.22,9632.0,11,6,employed,secondary,1
64,41229.11,1000.0,8,1,employed,bachelor,1
40,46507.04,9630.95,3,5,unemployed,master,0
41,48214.58,8549.92,4,4,employed,master,0
51,58476.02,9944.1,2,4,self_employed,bachelor,1
28,66463.95,7325.0,7,6,employed,master,1
62,69674.03,11311.12,6,9,self_employed,secondary,0
58,59884.65,19960.14,8,9,self_employed,secondary,1
50,33402.18,28722.06,14,7,employed,secondary,1
33,74555.72,1197.23,9,3,self_employed,master,1
36,58940.83,4698.12,8,9,self_employed,bachelor,0
40,83234.7,8668.43,5,9,employed,bachelor,1
52,45845.22,21125.94,9,8,self_employed,bachelor,0
58,27954.51,13360.42,14,8,employed,secondary,0
52,59319.48,9207.13,0,8,employed,secondary,0
66,85919.05,20733.86,5,7,unemployed,secondary,0
67,63218.84,22651.12,0,7,employed,secondary,1
54,56006.6,14849.92,3,6,employed,bachelor,0
37,42593.06,8470.25,1,6,employed,secondary,1
49,95155.33,17162.24,8,4,unemployed,master,1
40,39407.95,13133.85,12,8,employed,master,1
50,45492.11,13071.89,14,6,employed,master,1
60,71400.68,10900.8,3,6,self_employed,secondary,1
37,22879.59,22399.87,10,7,self_employed,bachelor,0
44,85491.81,16999.04,4,1,employed,secondary,0
20,72483.86,23285.61,4,9,unemployed,secondary,0
56,77984.62,25690.61,9,6,employed,bachelor,1
43,71162.34,18671.85,10,9,self_employed,bachelor,1
41,56777.53,10948.18,8,1,self_employed,bachelor,0
45,38737.03,23322.61,1,3,employed,master,1
29,57198.49,18725.32,6,9,unemployed,secondary,0
49,40495.27,35826.94,4,7,employed,master,0
56,69723.11,17480.82,0,6,employed,secondary,0
36,76135.6,20581.5,0,4,employed,phd,1
24,89536.17,17323.39,6,6,employed,bachelor,1
38,67435.35,14207.21,1,5,unemployed,secondary,0
28,78491.51,12929.67,11,2,employed,bachelor,1
37,54057.11,17353.95,0,6,unemployed,secondary,1
50,50434.46,19169.41,3,5,employed,master,1
23,69473.44,24235.1,14,3,unemployed,secondary,0
56,52270.54,17470.8,10,4,self_employed,master,1
29,65383.72,11296.89,8,7,employed,secondary,1
64,38776.16,12385.17,0,7,employed,phd,1
56,42367.45,4416.5,0,5,self_employed,secondary,1
32,72708.19,28289.71,13,6,employed,bachelor,0
47,77733.8,10670.61,11,3,employed,master,1
23,40286.88,22739.52,14,5,self_employed,secondary,1
23,73412.29,17212.41,12,6,unemployed,secondary,0
67,49345.29,17429.85,0,3,self_employed,bachelor,1
59,60330.1,14060.42,12,2,unemployed,bachelor,0
26,88338.89,8697.61,6,5,employed,master,1
32,76149.74,7251.72,10,9,self_employed,secondary,0
28,75917.44,28827.72,6,5,employed,master,0
38,98175.81,15911.69,10,9,self_employed,master,1
33,45922.41,24002.14,12,8,self_employed,master,1
35,40282.5,26079.26,14,7,employed,secondary,0
45,45557.55,11713.22,8,9,unemployed,secondary,1
27,54909.98,18388.05,4,4,employed,phd,1
63,12908.99,15360.09,9,7,self_employed,bachelor,0
55,55851.44,5742.29,7,2,employed,bachelor,0
57,49108.59,13516.16,3,3,employed,master,1
26,75675.2,19700.05,10,6,employed,secondary,1
54,67048.39,11007.77,1,1,unemployed,master,0
61,47986.07,12401.25,6,7,employed,bachelor,1
27,71799.22,13613.07,10,9,self_employed,master,1
57,74465.26,31892.23,13,1,employed,master,1
36,44629.08,1000.0,9,9,unemployed,bachelor,0
58,50139.51,19013.15,14,1,self_employed,secondary,1
42,15492.74,12973.29,12,2,employed,master,1
59,38186.8,9874.76,3,7,employed,master,0
25,45150.61,12776.99,12,7,self_employed,bachelor,0
38,61483.32,20339.01,5,9,employed,phd,1
32,41092.35,20796.19,9,4,employed,secondary,0
30,49730.96,16488.14,3,6,employed,bachelor,1
34,35493.39,23741.93,8,2,employed,phd,1
37,63422.28,25150.66,10,7,unemployed,bachelor,1
24,68514.29,21531.01,13,9,unemployed,master,1
54,68047.31,10630.46,14,6,self_employed,master,1
46,60247.22,18955.53,12,9,employed,bachelor,1
61,29178.54,18993.61,8,4,unemployed,secondary,1
54,47600.93,8474.95,13,9,self_employed,master,1
25,51853.87,2444.49,1,5,unemployed,bachelor,0
21,51934.09,1000.0,14,2,employed,bachelor,1
39,61499.62,15558.84,3,4,employed,bachelor,1
43,88510.83,17384.32,6,5,self_employed,secondary,0
30,76241.92,5545.75,13,1,unemployed,secondary,1
58,40249.64,23368.26,10,9,employed,bachelor,1
48,73568.06,16217.75,12,3,employed,master,1
56,72806.05,25795.62,10,7,employed,bachelor,1
23,43878.65,17964.29,9,9,unemployed,secondary,0
60,76977.32,6469.33,2,4,self_employed,bachelor,0
28,56792.47,18666.25,14,6,unemployed,master,0
41,31800.93,20360.89,9,5,self_employed,secondary,0
40,69104.05,10619.01,10,7,unemployed,bachelor,0
60,64339.24,3463.26,6,1,employed,bachelor,1
32,55446.45,15802.37,14,4,employed,bachelor,1
30,59250.94,6993.24,6,6,self_employed,bachelor,0
35,45618.29,23967.1,2,1,self_employed,master,0
36,72202.61,11742.59,2,8,employed,secondary,0
27,59130.99,28796.81,10,6,employed,secondary,1
27,63328.98,1000.0,11,1,self_employed,secondary,0
30,67142.84,16078.36,3,1,self_employed,bachelor,0
42,36908.29,26435.14,10,2,employed,master,0
35,42114.34,7877.57,14,6,unemployed,bachelor,0
38,15801.11,13726.39,7,5,employed,phd,1
55,71294.85,11775.71,14,5,employed,bachelor,0
30,35755.8,9529.86,2,6,employed,secondary,1
65,62651.39,16956.98,6,5,employed,secondary,1
57,67419.76,4636.63,8,4,employed,bachelor,1
27,72047.06,14112.25,5,1,self_employed,bachelor,1
34,35919.66,19127.95,1,1,self_employed,bachelor,0
27,58696.77,13279.25,6,7,employed,bachelor,1
32,93405.61,6998.37,5,7,unemployed,bachelor,1
37,94286.29,23241.48,3,3,unemployed,secondary,0
24,79746.46,20842.06,5,3,employed,bachelor,0
18,66749.86,6670.5,6,4,employed,bachelor,1
40,39897.87,4647.14,13,6,employed,master,0
54,74372.43,7384.6,7,6,self_employed,secondary,1
33,56839.58,19362.19,6,6,employed,master,0
62,71210.57,17204.58,5,1,self_employed,secondary,1
37,47343.13,21320.66,8,4,self_employed,secondary,0
64,56541.34,12390.8,4,7,self_employed,master,1
30,63282.95,7602.13,13,6,employed,phd,1
46,64925.56,22350.77,6,8,employed,master,1
57,69874.45,10572.41,6,7,employed,secondary,0
21,48416.1,16492.38,0,9,self_employed,secondary,1
66,33134.31,2600.6,13,6,self_employed,master,1
36,92495.7,10441.52,7,6,self_employed,master,1
43,109785.08,23075.17,2,6,self_employed,bachelor,1
50,68948.41,9269.8,2,3,employed,secondary,1
51,33520.16,21516.03,5,4,employed,bachelor,0
19,44536.1,1000.0,11,2,employed,secondary,0
63,70182.35,10524.87,1,4,employed,secondary,0
50,86822.31,13629.16,1,2,employed,bachelor,1
69,35742.19,28940.32,8,5,employed,secondary,1
42,57513.34,5647.5,7,9,self_employed,bachelor,1
49,63918.64,20367.95,14,5,employed,bachelor,1
40,77291.57,23455.45,11,7,employed,bachelor,0
64,53127.98,9228.08,9,4,employed,bachelor,1
61,28723.71,12011.81,5,9,employed,master,1
65,72423.95,16133.03,9,2,employed,bachelor,0
44,82495.92,3148.12,8,8,employed,master,1
59,58348.17,11359.17,4,7,employed,bachelor,1
36,68104.8,25208.9,5,8,unemployed,bachelor,0
41,50510.18,19181.24,13,2,employed,phd,1
57,43084.54,13745.99,8,9,employed,secondary,0
22,80528.51,15904.58,7,9,employed,secondary,1
54,67749.92,19647.24,11,3,employed,master,1
18,69807.37,21179.28,4,6,employed,bachelor,1
48,90042.3,10548.69,3,6,employed,secondary,1
42,38903.15,27277.77,14,1,unemployed,phd,1
42,48959.47,25530.79,12,5,unemployed,secondary,1
43,63158.67,20418.06,6,6,self_employed,bachelor,1
43,48713.74,8256.32,14,2,employed,master,1
39,75662.73,6838.21,5,4,employed,master,1
41,56252.02,12387.17,10,6,employed,bachelor,1
47,40149.34,15486.12,0,9,self_employed,secondary,0
57,61315.43,1000.0,10,1,employed,master,1
46,63406.78,18957.55,2,9,self_employed,master,1
51,78693.64,25299.7,3,8,employed,secondary,0
61,67862.82,19611.79,12,8,employed,secondary,1
69,69222.93,9591.58,3,1,employed,bachelor,0
23,66405.83,8644.77,7,6,employed,secondary,1
55,56235.55,17398.82,13,4,self_employed,master,1
29,45675.62,13773.57,14,9,employed,master,1
28,65776.77,18544.33,6,7,employed,secondary,1
59,53337.5,19813.77,1,6,employed,master,0
21,93796.45,23735.12,4,1,unemployed,master,0
62,86843.65,5943.01,9,8,employed,bachelor,1
58,72656.78,16772.95,5,5,self_employed,phd,1
69,67569.34,12092.2,10,2,employed,secondary,1
52,58240.82,14210.92,14,8,self_employed,master,1
63,34777.53,21915.27,9,9,self_employed,secondary,1
24,55676.56,22785.01,9,5,employed,bachelor,1
64,62028.0,26187.55,7,6,employed,bachelor,1
26,64589.13,18404.72,2,6,employed,secondary,1
34,69390.73,14119.87,8,3,employed,bachelor,1
24,78426.6,12976.97,13,7,self_employed,bachelor,1
38,46156.92,1121.96,10,9,employed,bachelor,1
56,46338.49,25717.88,11,9,employed,bachelor,1
31,89017.13,12424.81,12,7,self_employed,secondary,1
60,75419.63,19047.18,5,4,unemployed,secondary,0
49,52184.58,20431.97,5,9,employed,secondary,1
50,57855.78,5037.48,14,9,self_employed,phd,1
66,57945.72,7613.23,6,1,employed,master,1
40,60631.48,27376.16,11,4,self_employed,bachelor,1
35,69453.66,17323.48,9,5,employed,bachelor,1
69,110699.85,10355.31,1,6,self_employed,bachelor,1
46,63795.13,13989.22,4,7,employed,secondary,1
49,73251.96,23689.9,4,5,employed,secondary,1
33,26270.47,22474.52,2,1,self_employed,bachelor,0
29,50302.0,3271.35,11,2,employed,secondary,1
26,84576.3,28074.27,14,7,employed,master,1
29,68046.31,22729.18,14,7,employed,secondary,1
28,10000.0,13780.2,2,6,employed,bachelor,0
56,73480.46,5466.22,6,4,employed,bachelor,1
21,98363.29,23432.07,3,3,employed,bachelor,0
50,20081.85,18811.42,0,3,employed,phd,1
67,90387.75,3337.61,9,7,self_employed,bachelor,0
57,10000.0,13143.38,12,5,unemployed,secondary,0
38,78759.98,40009.38,1,2,employed,bachelor,0
21,59827.03,15132.01,9,4,employed,secondary,0
61,13000.58,9064.24,0,8,employed,secondary,1
18,68922.76,6932.03,12,6,employed,bachelor,0
53,83016.79,29176.79,0,8,self_employed,secondary,1
52,67277.74,21782.08,6,5,unemployed,secondary,0
27,71696.55,26259.51,1,5,self_employed,bachelor,0
56,51766.48,16985.48,6,9,unemployed,bachelor,0
27,22772.2,25032.15,6,5,employed,master,0
29,73837.28,8213.44,8,2,self_employed,secondary,1
60,94995.08,16300.73,12,4,employed,bachelor,1
68,82591.62,17296.43,14,6,unemployed,bachelor,1
31,20242.48,26059.58,5,4,employed,master,0
65,29702.11,17550.74,13,4,employed,secondary,1
65,43080.65,9995.91,6,8,self_employed,bachelor,1
58,28140.49,15512.59,1,4,employed,bachelor,0
25,60883.8,1588.69,9,3,unemployed,secondary,1
33,67868.32,1000.0,10,1,self_employed,secondary,1
53,31394.93,21650.73,4,4,unemployed,bachelor,1
69,75542.57,12002.05,8,7,employed,secondary,1
60,72022.08,12908.66,6,3,employed,secondary,1
39,49036.82,21647.57,2,5,self_employed,bachelor,0
30,56549.56,26176.08,5,6,employed,secondary,0
67,21003.98,19275.9,6,9,employed,secondary,0
32,53354.76,30424.58,5,8,unemployed,bachelor,0
35,60147.7,19021.51,13,3,unemployed,master,1
68,63374.95,17417.71,5,2,unemployed,master,0
47,67577.54,16923.11,9,7,employed,secondary,1
31,64884.83,4716.04,0,3,employed,secondary,1
18,54713.13,22647.99,4,4,unemployed,phd,0
40,65723.9,1000.0,13,1,employed,bachelor,1
69,80040.64,10309.98,13,7,employed,bachelor,1
40,58090.04,15183.44,14,2,employed,secondary,1
54,66351.9,8681.9,0,4,unemployed,secondary,0
31,56276.58,11385.95,12,4,employed,secondary,0
58,47064.82,29715.0,4,1,employed,master,1
58,70457.59,23832.19,0,7,employed,master,0
49,48895.48,9513.38,1,6,employed,secondary,0
58,67722.94,11243.47,11,5,self_employed,bachelor,1
48,60565.11,4783.97,8,2,self_employed,master,1
37,53921.31,20639.95,8,1,self_employed,master,0
56,53437.14,13002.06,13,1,employed,bachelor,1
61,49837.58,1000.0,1,6,employed,secondary,1
61,27083.98,15806.27,1,7,employed,phd,1
29,67657.9,18511.83,13,8,unemployed,secondary,0
53,64630.94,22705.13,9,8,employed,secondary,1
18,76993.41,14413.16,11,4,employed,secondary,1
47,49370.86,12018.63,7,1,employed,bachelor,1
47,97907.67,30890.12,2,3,unemployed,secondary,0
36,52405.28,15052.69,7,8,self_employed,bachelor,1
69,42497.81,20756.49,14,7,employed,master,1
63,40126.3,10683.68,1,5,self_employed,bachelor,1
20,25321.55,20519.28,1,1,employed,phd,1
28,90652.56,3354.97,5,7,self_employed,master,1
28,87421.35,11303.46,6,8,unemployed,master,0
64,72014.9,5333.81,9,3,self_employed,bachelor,1
44,42078.22,10160.21,2,8,unemployed,master,0
55,96225.35,25003.76,14,6,employed,bachelor,1
60,52965.62,10101.39,2,8,employed,secondary,0
57,54619.48,20746.05,3,6,self_employed,master,1
22,88745.18,27138.12,14,1,self_employed,bachelor,0
25,73178.21,14779.38,5,6,employed,master,1
38,104022.06,22950.14,8,1,employed,bachelor,1
35,64974.45,19248.69,6,3,employed,secondary,1
56,52059.38,15931.5,3,8,employed,master,0
26,47763.9,21002.52,7,9,unemployed,bachelor,0
37,23060.08,29719.5,11,5,employed,bachelor,1
30,54428.08,9901.85,0,3,self_employed,master,0
27,82891.87,7326.39,13,4,employed,bachelor,1
26,71976.68,6856.68,2,3,self_employed,secondary,0
28,60406.16,22955.42,13,6,unemployed,bachelor,0
47,40101.31,24034.94,14,4,self_employed,secondary,1
39,64537.46,10703.7,13,1,self_employed,bachelor,0
40,80256.27,1000.0,9,6,employed,secondary,1
42,68614.39,9601.95,13,6,employed,secondary,1
56,63334.7,19382.83,12,7,self_employed,phd,1
62,44060.85,14466.21,9,9,self_employed,secondary,0
45,77343.64,16442.78,13,7,self_employed,master,1
51,10000.0,10813.24,5,7,self_employed,bachelor,1
56,67656.91,23112.71,12,2,employed,secondary,1
53,111406.44,17745.53,13,5,employed,master,1
24,29832.53,19691.71,9,4,unemployed,secondary,0
69,55172.61,16272.53,1,9,employed,bachelor,0
26,59841.78,19194.95,3,5,self_employed,master,0
39,50748.34,18668.57,2,7,employed,master,1
51,80727.48,7575.4,7,5,unemployed,secondary,0
38,69449.02,17984.5,6,1,unemployed,master,0
30,63046.01,21332.07,12,9,employed,phd,1
66,75945.45,24241.13,4,7,unemployed,bachelor,0
21,60335.01,18328.86,2,3,employed,bachelor,0
30,123597.29,7278.0,9,1,employed,bachelor,1
69,63026.94,8509.46,2,9,unemployed,bachelor,1
55,63905.64,11518.82,13,3,employed,bachelor,1
22,25790.64,16515.71,1,1,employed,secondary,0
57,49130.99,14022.11,7,6,self_employed,bachelor,1
68,82947.55,6010.14,14,1,unemployed,secondary,1
23,33290.86,5962.24,8,2,employed,secondary,1
39,16848.86,1000.0,12,9,self_employed,bachelor,1
42,60646.31,1000.0,6,1,employed,secondary,1
24,87414.89,13945.75,11,7,employed,bachelor,0
28,60847.62,33561.84,10,6,self_employed,bachelor,1
27,53277.51,29374.24,7,3,employed,secondary,0
27,22830.24,7174.15,1,3,self_employed,secondary,0
38,69045.08,16199.23,14,5,self_employed,secondary,1
42,73225.5,3283.36,0,5,unemployed,bachelor,0
30,24365.35,4503.12,5,9,self_employed,secondary,1
33,82690.65,5420.22,9,3,employed,bachelor,1
27,75313.91,13196.01,11,6,self_employed,bachelor,1
59,82646.32,13540.32,8,7,self_employed,bachelor,0
29,71670.5,17021.62,6,1,employed,secondary,0
65,73073.65,20305.73,6,9,self_employed,secondary,1
46,70414.42,12304.95,14,9,self_employed,secondary,1
59,77369.45,15289.62,5,1,employed,secondary,0
51,23624.84,6249.5,12,3,employed,phd,1
31,29978.81,4244.02,0,8,employed,secondary,1
49,45279.84,3008.22,9,8,employed,secondary,1
32,57403.6,20193.98,10,2,unemployed,master,1
24,67762.74,12296.74,10,9,employed,master,1
31,66493.63,1000.0,6,3,self_employed,bachelor,0
32,82342.12,14495.29,10,3,self_employed,bachelor,0
25,82969.91,5009.43,6,4,employed,secondary,1
19,42552.3,28283.03,8,7,employed,master,0
67,64771.52,10369.43,13,2,employed,bachelor,0
44,43043.37,20452.05,10,5,employed,bachelor,0
38,56235.06,23711.7,11,1,employed,secondary,0
66,66435.83,7360.57,14,2,employed,bachelor,0
29,10000.0,15608.38,3,7,self_employed,bachelor,1
38,108224.88,19427.74,8,4,self_employed,secondary,0
62,71328.17,15924.37,9,8,employed,bachelor,1
50,48085.93,17888.81,10,7,employed,secondary,1
38,98547.4,4362.96,1,9,unemployed,master,1
31,53051.38,19432.29,11,2,employed,secondary,1
19,62650.39,11110.69,2,9,self_employed,master,0
22,50257.68,17795.61,6,9,employed,bachelor,0
26,93039.84,22359.91,10,4,unemployed,bachelor,1
58,57900.31,20350.47,3,2,employed,bachelor,0
51,62989.68,17789.76,1,2,employed,bachelor,0
40,84075.64,20137.03,10,5,employed,secondary,1
58,71702.79,20507.29,4,1,employed,bachelor,0
26,58913.04,26964.01,12,1,self_employed,secondary,1
28,82207.82,14727.59,13,5,employed,secondary,1
38,110769.66,16311.66,5,6,employed,master,1
65,66348.21,22456.53,11,8,employed,secondary,0
49,62335.2,11076.9,3,9,self_employed,master,1
62,63412.54,4317.86,13,3,unemployed,master,1
30,86208.59,18945.84,3,3,employed,bachelor,0
62,48016.05,13351.81,13,2,unemployed,secondary,0
21,54433.65,5339.78,11,3,self_employed,bachelor,0
29,29251.14,19004.34,4,4,employed,master,0
45,36322.64,26449.06,12,9,employed,bachelor,0
20,49644.0,1962.06,9,9,employed,secondary,1
62,58881.26,23178.6,10,9,employed,secondary,1
63,95381.67,1000.0,5,5,self_employed,bachelor,1
46,70719.86,11797.71,3,6,employed,secondary,1
33,41758.43,29724.13,10,7,employed,secondary,0
23,45440.39,12373.41,0,3,self_employed,bachelor,0
50,87494.97,15719.51,5,5,employed,bachelor,1
45,82532.21,21102.93,2,5,unemployed,secondary,0
57,60563.0,1268.21,0,4,self_employed,master,0
49,51149.47,15576.76,0,5,employed,secondary,1
24,82498.66,15513.7,1,4,employed,secondary,0
24,40133.46,29898.57,14,1,employed,secondary,0
58,67840.61,5114.07,11,7,unemployed,secondary,1
26,105453.18,11947.69,14,9,employed,bachelor,1
66,64107.11,7573.15,1,7,unemployed,secondary,0
23,44487.81,6724.71,14,9,unemployed,master,0
55,68207.37,24019.22,8,4,employed,master,1
68,50599.83,15213.21,11,1,self_employed,secondary,1
40,32117.68,10555.46,12,3,employed,master,1
20,74020.72,10857.23,3,8,employed,bachelor,1
63,82356.69,10494.18,11,2,unemployed,master,0
27,53781.87,11209.57,9,5,employed,secondary,1
45,52455.29,4884.44,6,1,unemployed,bachelor,0
69,40768.69,12930.16,7,3,self_employed,secondary,1
56,57001.29,12126.35,3,2,employed,secondary,1
20,48752.63,8937.63,2,2,employed,master,0
60,39779.35,16240.37,13,2,employed,secondary,1
26,97843.38,16919.12,10,5,employed,bachelor,1
56,69329.86,10546.82,8,7,self_employed,secondary,1
50,71447.9,13846.93,10,3,employed,master,1
32,77667.99,32268.99,6,8,unemployed,bachelor,0
40,75420.72,31963.47,3,4,employed,secondary,1
24,51737.8,6567.28,14,7,employed,bachelor,1
69,65451.05,7684.42,14,5,employed,secondary,1
30,54619.39,6524.77,3,7,employed,secondary,0
34,68769.27,23456.43,12,9,employed,bachelor,1
44,66833.82,11811.77,6,9,employed,phd,1
52,52346.79,16917.39,10,6,self_employed,master,1
44,33414.03,30975.74,1,9,employed,secondary,0
44,62924.74,14916.28,7,7,employed,secondary,1
48,55914.61,20649.99,1,3,employed,master,1
62,22192.56,19163.37,12,9,employed,secondary,0
38,70153.24,10294.26,5,2,employed,bachelor,0
61,79306.84,23473.29,3,5,self_employed,bachelor,0
58,110567.13,8202.39,10,2,employed,master,1
67,52176.05,25719.04,14,8,employed,bachelor,1
65,49225.76,10300.39,5,9,employed,master,1
59,37811.58,11176.26,10,8,employed,bachelor,1
30,64172.84,6292.1,10,1,unemployed,bachelor,0
58,64046.36,7605.92,7,3,self_employed,secondary,1
56,43774.07,11585.89,12,4,self_employed,bachelor,1
33,56501.4,1000.0,1,2,employed,secondary,0
53,20426.69,13133.34,13,5,employed,secondary,0
31,78527.53,10936.21,6,1,employed,bachelor,1
45,44586.41,21320.09,0,6,self_employed,secondary,0
59,59306.87,18383.85,14,6,employed,phd,1
27,31466.13,9338.9,11,6,employed,master,1
35,48352.93,11331.59,12,9,self_employed,bachelor,0
59,54408.18,13123.06,2,8,self_employed,bachelor,1
41,59774.18,26887.65,11,3,employed,secondary,0
67,69594.65,8421.56,10,6,employed,secondary,1
18,88781.5,9241.91,13,8,unemployed,secondary,0
55,74654.22,5971.33,5,8,employed,bachelor,1
60,79243.29,3143.68,13,6,unemployed,master,1
65,88922.08,17456.03,10,1,employed,secondary,1
26,71394.16,16623.23,3,4,unemployed,secondary,0
69,59265.86,25262.09,3,8,unemployed,secondary,1
38,80182.24,23331.27,13,1,employed,bachelor,1
36,81460.19,34176.93,9,6,self_employed,secondary,0
36,72971.32,14409.02,1,5,employed,bachelor,0
51,30907.45,12915.76,1,3,employed,secondary,1
52,43170.8,4598.19,12,4,employed,secondary,1
42,54502.92,20572.63,2,9,self_employed,bachelor,1
21,75592.42,15948.27,3,6,employed,phd,1
69,59573.07,20210.13,9,9,employed,secondary,1
29,82737.37,5887.01,12,5,unemployed,secondary,1
22,86304.73,17812.83,5,8,unemployed,secondary,1
49,83983.41,16641.6,9,6,employed,master,0
39,84110.81,16112.28,10,9,employed,bachelor,1
50,39260.12,9533.87,9,3,employed,bachelor,1
63,69652.71,24514.6,10,4,employed,bachelor,0
23,47849.42,31402.46,3,1,unemployed,master,0
32,27018.67,6117.25,9,3,unemployed,secondary,0
44,54250.58,20763.55,0,2,employed,secondary,0
58,86494.74,1000.0,10,2,employed,bachelor,1
49,69214.84,20348.88,11,3,employed,bachelor,1
37,100356.19,1000.0,11,8,employed,secondary,1
49,63544.6,10800.26,0,4,employed,master,1
68,108956.06,4495.8,13,8,employed,bachelor,1
42,63550.42,13275.11,6,8,employed,master,0
63,60449.61,21710.35,1,9,employed,master,1
58,34412.2,1000.0,8,5,self_employed,bachelor,1
33,82211.25,12124.16,8,8,self_employed,master,1
30,49957.5,10893.05,6,4,employed,bachelor,1
58,47059.05,27648.39,11,6,employed,bachelor,1
28,85624.61,18454.09,8,8,self_employed,bachelor,1
35,83164.45,5582.26,3,2,employed,phd,1
30,82641.03,11229.64,9,1,unemployed,master,1
49,52756.18,27448.83,3,2,employed,bachelor,0
33,58980.48,20714.92,1,7,unemployed,secondary,0
52,58802.91,7654.13,4,5,employed,master,1
66,75650.36,12863.44,13,3,self_employed,bachelor,1
61,91071.29,13119.13,8,7,employed,bachelor,1
67,67362.93,10696.14,4,1,self_employed,bachelor,0
19,99497.82,1318.3,5,2,employed,bachelor,1
41,77943.89,9579.03,12,5,employed,secondary,1
29,55304.01,26113.59,9,9,self_employed,bachelor,0
65,76574.23,11950.84,11,7,employed,secondary,1
55,94118.81,14173.97,9,7,employed,secondary,1
34,99965.78,16124.21,14,7,employed,secondary,1
47,83737.83,32745.13,9,3,self_employed,bachelor,0
49,60513.49,15071.0,6,5,unemployed,secondary,1
43,55666.13,23751.56,3,8,employed,secondary,1
42,71521.39,10214.56,0,7,self_employed,master,0
20,93479.49,12924.81,11,6,unemployed,bachelor,0
41,68675.38,15100.42,13,1,self_employed,master,1
36,69090.64,8806.94,9,7,employed,bachelor,1
60,61027.96,13370.26,7,4,employed,secondary,0
62,53442.18,22104.41,1,4,employed,master,0
57,56757.31,8597.08,9,7,employed,bachelor,1
19,62708.52,15000.71,3,4,employed,phd,1
61,94362.0,20669.87,9,6,self_employed,secondary,1
38,55205.72,8404.27,4,1,self_employed,master,0
39,61052.24,23763.31,12,2,self_employed,bachelor,0
67,42692.45,15583.07,14,5,employed,master,1
63,74332.62,13679.02,3,9,employed,secondary,1
20,87333.58,1000.0,4,7,self_employed,bachelor,0
36,92489.96,12011.1,13,4,employed,secondary,1
56,64067.29,17972.74,0,9,unemployed,master,0
46,71487.09,28962.76,7,3,employed,secondary,1
31,56928.99,19543.11,2,9,employed,bachelor,1
45,70560.37,24009.73,6,4,self_employed,bachelor,1
63,66279.3,5327.16,0,1,self_employed,bachelor,0
29,61165.29,13985.42,2,1,employed,master,1
56,62755.07,24765.97,6,9,self_employed,bachelor,0
56,69038.45,7898.13,0,6,employed,secondary,1
64,54116.95,22721.78,11,2,employed,master,1
33,55150.06,20866.54,8,9,employed,bachelor,1
29,94147.24,17197.79,6,1,self_employed,bachelor,1
46,114210.94,12370.38,7,4,self_employed,secondary,1
45,35912.66,7109.64,12,7,employed,bachelor,1
39,34810.58,29203.03,12,1,self_employed,master,0
58,40856.94,20054.9,0,9,self_employed,master,0
59,57934.23,17724.93,10,7,employed,master,1
30,77915.61,11697.2,7,9,employed,bachelor,1
59,71825.06,15302.97,11,8,employed,secondary,0
29,63440.62,16317.74,11,8,employed,bachelor,1
39,70578.71,18199.01,10,3,unemployed,secondary,1
19,46158.28,20874.72,10,2,self_employed,bachelor,0
35,55117.54,8740.23,3,3,employed,secondary,0
67,59598.11,3267.22,12,2,employed,phd,1
41,28315.67,15674.25,10,6,employed,secondary,1
54,36773.8,1022.26,4,1,employed,secondary,0
23,37568.68,12410.71,3,4,employed,master,0
51,75282.16,10926.48,7,6,employed,secondary,1
37,64907.1,18933.99,5,5,employed,secondary,1
56,72221.22,30860.78,10,5,employed,bachelor,1
66,23206.9,1000.0,6,3,employed,phd,1
45,30328.67,33193.48,2,1,employed,secondary,0
23,73264.31,13135.4,5,9,employed,bachelor,0
42,10000.0,17782.47,12,5,employed,secondary,0
24,84492.59,3681.34,12,6,employed,bachelor,1
41,23533.66,22974.97,4,6,employed,secondary,0
21,76866.9,15331.78,11,4,unemployed,bachelor,0
51,42228.31,14508.26,1,7,employed,bachelor,0
34,80978.07,1000.0,14,4,employed,master,1
28,124163.22,15590.37,11,4,employed,bachelor,1
18,14536.45,21766.63,0,8,employed,bachelor,0
64,73907.54,13109.77,10,3,employed,bachelor,1
61,23836.75,24393.59,7,7,self_employed,secondary,0
60,68535.38,24063.16,13,6,unemployed,secondary,1
21,55864.56,9871.24,3,1,employed,bachelor,0
36,62595.65,27760.91,13,7,employed,secondary,0
68,41766.27,15362.36,13,8,self_employed,secondary,0
48,75610.82,15397.96,4,3,employed,bachelor,0
24,31032.84,15791.85,6,9,employed,secondary,0
25,84832.75,15554.53,9,1,self_employed,secondary,1
31,51814.99,1000.0,3,2,employed,bachelor,0
68,31946.19,13515.95,14,9,employed,master,1
26,91898.74,4088.43,2,8,employed,secondary,0
64,58653.15,28010.69,3,7,employed,master,0
53,98152.72,27688.66,7,6,unemployed,secondary,1
65,84427.12,21815.51,7,2,employed,phd,1
60,44037.09,13092.26,0,5,employed,bachelor,0
35,58300.2,6935.88,13,6,employed,bachelor,1
61,62420.76,9739.35,3,1,employed,bachelor,0
26,90526.06,30541.14,1,6,employed,bachelor,0
33,68750.35,9462.42,7,1,employed,bachelor,1
29,63525.85,1000.0,13,2,employed,bachelor,0
24,56002.41,23241.32,0,2,employed,phd,0
22,58988.86,27004.02,7,2,self_employed,master,0
27,86091.84,28273.73,13,1,employed,bachelor,1
24,60074.11,23306.78,13,9,unemployed,master,1
37,52100.05,24612.16,2,8,employed,secondary,0
21,48709.86,15423.47,9,5,employed,bachelor,1
21,48924.7,1000.0,12,4,unemployed,bachelor,0
69,31958.08,15223.05,10,2,self_employed,secondary,1
22,44992.49,19972.58,9,9,employed,master,1
21,89968.41,13917.84,11,8,employed,master,1
19,55868.01,13553.31,6,7,self_employed,master,0
24,74088.23,7287.06,1,5,employed,bachelor,1
45,10424.87,6986.09,9,1,employed,bachelor,1
61,71366.23,29705.19,9,6,employed,master,1
56,56772.95,29994.77,12,5,self_employed,secondary,0
48,50371.2,14978.82,13,3,employed,master,1
22,63619.2,17252.19,5,3,employed,secondary,1
58,50083.49,7153.14,14,1,unemployed,master,1
19,17522.5,20140.6,0,8,employed,bachelor,1
50,78444.96,29077.19,14,2,self_employed,secondary,1
39,64860.35,2766.15,2,8,employed,secondary,1
63,53721.15,18711.07,9,9,self_employed,bachelor,1
33,40676.29,19312.18,10,1,employed,secondary,1
51,30602.85,19220.85,9,6,employed,master,0
40,64477.85,28142.54,14,1,employed,secondary,1
45,92268.82,31288.15,8,8,unemployed,bachelor,0
66,64063.33,13132.13,1,5,employed,secondary,1
55,32344.77,20385.39,9,1,employed,secondary,1
39,64502.33,15673.87,4,7,employed,secondary,0
41,58933.14,9943.08,9,7,self_employed,master,1
54,77280.87,17166.51,5,9,self_employed,bachelor,0
35,72134.66,20372.0,0,5,employed,master,0
26,10000.0,16735.43,9,9,employed,bachelor,1
42,70904.84,7950.55,1,6,self_employed,secondary,0
21,39930.41,11291.51,4,5,employed,secondary,0
26,31565.43,11352.74,9,4,employed,bachelor,1
39,56230.53,8260.45,13,3,employed,secondary,1
59,68219.42,17508.32,4,6,employed,secondary,0
58,27185.31,18344.9,4,7,unemployed,bachelor,0
31,74091.53,22836.14,4,1,employed,secondary,0
39,75266.78,8139.02,8,4,employed,bachelor,0
25,60939.52,10380.17,2,1,self_employed,bachelor,0
57,42647.53,27436.56,7,4,employed,bachelor,1
30,40412.44,13684.03,12,8,unemployed,bachelor,0
59,80518.64,15241.05,1,7,employed,bachelor,1
61,29775.55,13599.17,14,2,unemployed,bachelor,0
53,81289.41,24064.25,7,7,unemployed,secondary,1
35,56696.02,24374.47,9,1,unemployed,secondary,0
67,58083.31,23905.66,9,1,employed,secondary,1
53,25838.25,15212.54,14,9,self_employed,bachelor,1
51,57065.67,8020.51,9,1,self_employed,bachelor,0
62,72271.71,30401.7,13,3,employed,master,1
63,33271.8,21850.47,4,2,employed,secondary,1
22,69972.72,11346.73,3,6,self_employed,secondary,0
63,61780.25,26390.55,9,5,unemployed,secondary,0
57,47124.89,10715.13,2,8,self_employed,phd,1
28,77093.46,26285.63,1,9,employed,secondary,0
33,15954.86,26826.28,3,7,self_employed,bachelor,1
57,66933.61,7628.14,4,5,employed,secondary,1
29,92388.7,19654.07,1,1,employed,master,1
41,88798.86,21257.53,10,9,self_employed,bachelor,1
53,67796.13,35919.27,8,6,self_employed,secondary,1
51,53966.38,9061.59,3,2,self_employed,bachelor,0
65,47283.95,26460.35,4,5,employed,bachelor,1
23,53941.48,15138.77,13,4,employed,bachelor,1
33,70876.14,5069.09,13,4,self_employed,phd,1
69,43855.12,14040.1,1,5,employed,master,1
47,75148.48,15019.72,9,7,unemployed,bachelor,1
30,102663.21,6528.88,4,2,unemployed,master,1
33,58762.34,17497.39,5,9,unemployed,master,0
35,33112.1,22662.47,8,1,unemployed,bachelor,0
46,33105.11,16905.61,14,2,employed,master,0
32,75531.31,10665.25,8,7,employed,bachelor,1
50,58805.08,13812.22,14,2,self_employed,bachelor,1
41,77536.62,14963.65,12,7,employed,bachelor,1
49,49327.32,16738.57,11,7,self_employed,master,1
26,76612.47,23878.65,11,4,employed,master,1
50,56834.02,17175.52,11,5,unemployed,secondary,0
66,45349.92,3778.43,3,9,employed,bachelor,1
25,51980.03,10501.43,14,8,self_employed,bachelor,1
35,36058.91,16328.17,13,6,employed,master,1
54,99787.19,23993.0,9,2,self_employed,bachelor,0
50,58072.36,25382.77,10,6,unemployed,secondary,0
53,72890.28,29197.48,13,1,employed,secondary,1
47,49262.62,16044.92,2,3,employed,secondary,1
53,38961.44,21106.47,0,7,employed,secondary,0
49,55322.39,3364.31,14,4,employed,secondary,1
21,82023.85,18439.05,8,9,self_employed,secondary,1
57,49585.36,6397.89,10,9,self_employed,master,1
41,42589.36,14499.69,7,1,employed,bachelor,0
20,63109.28,39238.71,7,8,employed,bachelor,1
39,69980.45,17428.43,0,8,unemployed,master,0
40,92856.96,8089.49,4,1,self_employed,secondary,1
22,67075.01,18262.31,1,4,employed,bachelor,1
69,72879.85,10863.4,6,9,employed,master,1
29,74385.5,7314.05,0,1,employed,bachelor,0
35,36939.69,31825.12,12,1,self_employed,bachelor,0
40,40733.36,23534.5,4,5,self_employed,secondary,1
61,38322.07,17764.29,11,9,self_employed,bachelor,1
56,33357.08,11865.41,0,3,self_employed,bachelor,1
58,75909.2,12513.68,0,7,unemployed,secondary,1
30,65801.0,27339.85,6,7,employed,bachelor,1
61,61589.92,17452.62,11,2,employed,bachelor,0
61,10000.0,1000.0,12,3,employed,secondary,1
42,101109.54,34367.51,8,6,unemployed,secondary,0
46,42114.56,16464.5,9,5,employed,bachelor,1
19,101036.26,17746.95,10,3,employed,secondary,0
57,31015.17,23693.56,10,2,self_employed,bachelor,0
67,43751.98,18723.22,11,6,employed,master,1
42,15943.01,20975.27,0,8,employed,master,0
46,67242.5,11610.21,6,4,self_employed,secondary,1
43,37974.86,5161.64,12,9,unemployed,bachelor,0
22,38540.0,17241.86,6,7,employed,bachelor,0
50,32549.72,26452.92,2,4,employed,bachelor,0
55,75547.1,9817.58,9,7,unemployed,phd,1
66,74229.27,9175.81,4,5,self_employed,bachelor,1
66,96240.68,24768.15,7,7,self_employed,secondary,1
43,46285.87,11342.04,7,9,employed,bachelor,1
67,64376.39,11715.52,10,8,employed,master,1
45,34213.3,12014.85,13,2,employed,bachelor,0
51,53299.22,14480.15,10,1,employed,master,1
49,49623.09,2410.9,14,8,self_employed,bachelor,1
69,69289.0,10685.28,0,8,self_employed,phd,1
56,80340.44,16842.94,11,6,self_employed,bachelor,1
24,79821.33,16785.9,6,3,employed,master,1
21,43143.75,24263.94,10,8,employed,master,1
39,79969.36,29715.14,1,5,self_employed,master,0
44,59118.3,27099.87,7,3,employed,master,0
52,53508.06,22317.22,0,4,employed,bachelor,1
43,45829.77,13810.12,9,3,employed,bachelor,1
44,48801.28,10015.45,3,3,employed,bachelor,0
65,94846.28,15143.03,2,3,employed,master,0
35,66148.22,19684.63,1,7,employed,master,1
43,63492.24,21575.5,4,1,unemployed,master,0
46,54755.06,19984.69,14,4,employed,bachelor,1
42,108919.57,14030.6,14,2,employed,master,1
68,86100.21,21294.9,1,6,employed,master,1
68,45578.76,25086.98,14,9,employed,bachelor,1
44,54527.7,22041.28,8,8,employed,bachelor,1
41,55715.11,14743.9,4,3,employed,master,1
48,62917.44,8329.21,14,5,employed,master,1
27,45975.48,8139.46,3,1,employed,bachelor,0
40,68776.33,9550.26,2,4,unemployed,bachelor,0
29,89041.76,17056.6,3,3,employed,bachelor,0
25,33727.44,19158.43,2,5,employed,bachelor,0
22,37437.07,3683.74,7,4,unemployed,secondary,0
48,50336.83,10968.04,2,7,self_employed,secondary,0
18,51264.09,16946.28,3,5,self_employed,master,1
51,99969.32,7802.56,5,9,employed,master,0
40,80034.18,18471.23,9,1,unemployed,bachelor,1
37,78886.45,12540.57,12,9,employed,master,1
58,54712.69,9212.64,1,8,self_employed,bachelor,1
46,54273.73,15425.64,9,7,self_employed,secondary,1
56,30965.89,18138.24,1,8,employed,bachelor,0
54,75634.8,8211.77,14,1,unemployed,secondary,1
19,69821.09,13059.1,4,2,unemployed,secondary,0
29,85719.95,18741.43,12,1,employed,master,1
47,55783.41,8903.28,11,8,employed,bachelor,1
68,57164.42,1737.95,4,4,self_employed,secondary,0
26,63400.91,2707.41,4,4,employed,bachelor,1
23,77837.95,11655.59,4,6,employed,bachelor,1
66,30595.69,4452.65,7,4,employed,bachelor,1
68,74721.12,12218.22,6,6,self_employed,secondary,1
26,59590.09,28319.54,9,9,unemployed,bachelor,0
38,38827.25,3971.21,6,3,employed,bachelor,0
50,18307.88,12739.16,11,9,self_employed,bachelor,1
28,57270.53,32058.44,6,5,unemployed,master,0
34,88954.26,18265.04,4,4,employed,bachelor,1
38,93493.69,12058.21,4,9,employed,master,1
51,67107.52,13744.94,10,5,employed,phd,1
34,99240.11,18434.9,2,2,self_employed,secondary,0
39,59141.18,28566.18,4,3,employed,secondary,0
33,79066.07,10753.17,4,8,employed,bachelor,1
57,50975.38,8939.12,9,5,employed,master,0
25,49708.02,3969.53,1,6,employed,secondary,1
29,46449.82,15824.77,6,7,employed,secondary,0
30,18789.42,3754.5,10,2,self_employed,bachelor,1
65,85741.85,11289.74,13,1,employed,master,1
67,47167.35,7730.53,6,4,self_employed,secondary,1
44,43971.22,23592.99,14,9,self_employed,bachelor,1
26,36400.57,10932.83,9,2,unemployed,secondary,1
57,55912.81,18175.44,11,7,employed,phd,1
43,95269.85,2167.26,3,9,self_employed,bachelor,1
62,101875.58,16052.06,13,1,self_employed,bachelor,1
36,26782.66,5374.72,3,2,employed,master,0
69,52911.04,11594.81,2,8,employed,bachelor,1
59,39312.84,32689.62,1,1,employed,master,1
29,79766.75,22457.4,9,7,self_employed,secondary,1
55,65731.87,13972.7,9,8,employed,secondary,1
32,47268.61,40591.54,2,3,unemployed,bachelor,0
36,61451.46,7678.6,13,3,self_employed,secondary,1
31,50451.63,24321.73,4,5,self_employed,master,0
53,92284.92,2738.6,9,5,unemployed,bachelor,0
31,70939.19,13048.62,7,8,self_employed,secondary,1
51,73396.47,4217.68,8,6,employed,master,1
48,10000.0,17058.21,11,9,employed,bachelor,1
57,58664.23,15447.76,13,3,self_employed,bachelor,1
69,101664.22,12538.68,10,3,employed,secondary,1
18,86522.58,23736.46,13,3,unemployed,phd,1
69,23058.21,10463.21,13,6,employed,bachelor,1
23,53731.48,17614.81,5,1,employed,master,1
45,35969.61,21564.44,8,8,self_employed,master,1
35,94222.03,3134.23,2,7,self_employed,bachelor,1
51,64885.57,9012.69,13,9,unemployed,secondary,1
55,44644.09,15430.89,14,9,employed,bachelor,1
62,60683.16,20041.23,13,1,employed,secondary,1
38,10000.0,26369.9,11,7,self_employed,phd,0
66,38300.77,13272.96,12,5,unemployed,secondary,1
34,60728.87,12468.23,11,7,employed,bachelor,1
28,76913.51,8019.23,3,8,self_employed,bachelor,1
37,21173.72,17639.87,3,6,employed,bachelor,0
45,52376.89,12623.06,7,1,self_employed,bachelor,0
52,80193.71,12807.74,6,8,employed,master,1
61,30970.93,14248.89,11,4,unemployed,master,1
29,64583.66,19413.02,11,5,employed,master,0
33,61319.49,10490.16,14,6,self_employed,bachelor,1
66,94287.61,8822.74,11,9,self_employed,bachelor,1
40,55397.28,18453.79,0,5,employed,master,0
30,56567.99,1000.0,5,2,employed,secondary,1
69,77099.2,10170.57,4,7,employed,secondary,0
41,33473.03,5789.52,9,6,self_employed,secondary,1
69,55582.34,24626.07,5,1,self_employed,bachelor,0
65,50885.5,11472.54,14,5,employed,bachelor,1
65,57221.76,10514.27,4,8,employed,secondary,1
48,76968.13,14611.02,6,8,unemployed,secondary,0
59,71083.23,10237.02,12,3,employed,secondary,1
67,45026.35,11778.81,5,5,employed,bachelor,1
31,62733.98,15776.88,0,8,unemployed,secondary,0
19,89808.83,11623.68,4,6,unemployed,master,1
34,43372.69,11566.26,5,4,employed,phd,1
51,62903.34,6918.74,9,2,employed,master,0
46,56136.79,5769.73,10,1,self_employed,master,0
22,58739.9,15485.1,8,7,employed,phd,1
47,27386.85,17452.8,6,9,self_employed,bachelor,1
27,88215.26,3574.75,7,6,employed,bachelor,1
44,44512.96,21079.53,2,8,employed,master,1
47,80521.44,21112.38,2,7,employed,bachelor,0
51,47572.47,22797.51,9,4,self_employed,bachelor,0
39,47489.91,17399.11,12,5,self_employed,secondary,0
39,84262.47,20096.66,7,3,employed,bachelor,1
53,79877.69,32480.21,0,3,employed,master,0
56,64173.32,12587.83,14,6,employed,bachelor,0
60,75223.01,6634.47,4,6,self_employed,bachelor,0
35,54228.94,2727.52,11,9,self_employed,bachelor,1
40,59832.65,29045.39,13,3,unemployed,master,1
35,46767.51,29150.3,14,3,unemployed,master,0
45,78081.3,7603.2,1,2,employed,bachelor,1
24,46131.73,9181.43,2,9,unemployed,bachelor,1
40,89703.13,12408.07,9,8,employed,bachelor,1
27,53683.32,24794.05,11,3,employed,master,0
45,60410.17,4701.58,12,9,employed,secondary,1
62,75174.56,1000.0,8,7,self_employed,master,1
69,60477.29,32340.12,2,5,self_employed,secondary,0
41,54041.83,17498.99,10,4,employed,phd,1
20,59399.53,18635.31,10,6,unemployed,bachelor,0
29,77876.37,13359.15,7,1,unemployed,bachelor,1
23,46742.96,18726.28,9,2,unemployed,bachelor,1
57,57475.26,2886.35,3,9,employed,master,1
69,60205.73,8272.64,12,2,unemployed,master,0
46,77291.7,15841.26,0,2,self_employed,secondary,0
27,58003.09,1000.0,12,8,self_employed,secondary,1
19,96165.98,12579.86,12,9,employed,secondary,0
68,56869.23,12086.69,10,8,self_employed,bachelor,1
34,55246.33,12578.48,12,1,self_employed,bachelor,0
23,56579.36,10591.35,13,8,employed,secondary,1
27,33667.17,7032.86,2,3,unemployed,master,0
31,39265.46,1000.0,8,1,employed,secondary,0
52,49386.66,16157.98,9,9,self_employed,secondary,1
64,82716.6,12599.01,14,3,employed,bachelor,1
32,59337.48,3997.75,11,6,employed,bachelor,1
53,50307.12,15500.27,8,1,employed,secondary,0
21,84530.69,12640.4,8,2,employed,master,1
18,91023.54,11311.81,2,8,employed,bachelor,1
20,85107.65,1000.0,4,6,employed,bachelor,0
66,42938.2,20462.14,6,9,employed,secondary,1
48,50095.03,5135.59,13,2,self_employed,master,1
59,96274.72,15506.16,12,9,employed,master,1
19,64822.79,8533.85,9,8,employed,bachelor,1
19,54647.46,11890.19,1,9,employed,secondary,0
62,74366.96,24218.34,10,1,employed,bachelor,0
23,80145.98,19252.95,6,1,employed,bachelor,0
26,48571.01,24040.32,9,5,unemployed,secondary,0
44,64388.8,17643.08,6,2,employed,bachelor,1
49,78531.2,18169.15,10,1,employed,secondary,0
29,36794.26,1000.0,3,8,employed,master,1
41,60246.91,12459.8,2,7,employed,bachelor,0
53,37712.21,13200.73,3,8,self_employed,bachelor,1
41,40328.39,24789.32,13,9,unemployed,master,1
37,48738.0,10950.17,1,2,employed,bachelor,0
21,69542.39,17118.88,4,8,employed,secondary,0
41,53559.55,16806.06,5,1,self_employed,bachelor,0
59,47031.64,24261.4,12,4,employed,bachelor,1
50,61031.09,13930.05,5,3,employed,master,1
64,37060.75,21622.3,13,3,self_employed,master,0
24,68576.06,1361.08,14,7,self_employed,bachelor,1
18,82627.74,2087.84,9,2,employed,phd,0
46,58415.92,1000.0,5,8,self_employed,secondary,1
27,55947.02,21287.88,8,8,employed,secondary,0
48,67468.81,20389.34,10,6,employed,secondary,1
65,19430.61,22174.62,1,1,self_employed,bachelor,1
35,70736.35,9581.11,12,6,self_employed,secondary,0
46,122037.72,10491.62,6,6,self_employed,secondary,1
53,57546.48,14031.62,12,4,self_employed,phd,0
25,57617.5,26549.59,9,4,self_employed,secondary,0
64,74872.14,28550.63,12,5,unemployed,secondary,0
28,92906.65,21350.47,1,9,employed,bachelor,1
60,79499.36,17648.16,0,1,employed,secondary,0
52,16887.86,25683.06,1,5,self_employed,secondary,0
25,71267.98,12953.26,13,3,employed,secondary,1
55,111438.6,11872.47,14,5,self_employed,secondary,1
28,72448.82,13967.82,14,1,employed,master,0
49,36907.96,7170.29,4,9,employed,bachelor,1
67,65636.59,13599.93,3,5,self_employed,bachelor,1
67,34386.25,6060.74,5,9,self_employed,bachelor,0
63,84656.07,23200.06,12,2,employed,master,1
43,40882.35,19349.5,3,6,employed,master,0
47,61484.87,26436.5,8,7,self_employed,bachelor,1
33,42844.4,1965.74,9,8,unemployed,secondary,0
65,49071.04,30213.58,5,1,employed,secondary,0
42,89723.01,2420.2,7,6,employed,secondary,1
58,62069.14,5413.54,9,2,employed,master,0
36,48815.95,10033.43,11,4,employed,bachelor,1
56,37095.44,25461.77,2,1,employed,secondary,0
29,22565.97,16804.59,7,1,unemployed,secondary,0
56,34974.39,13049.37,2,7,employed,master,0
20,62239.18,8658.98,0,7,employed,bachelor,0
23,79604.68,3992.52,9,9,employed,secondary,1
36,48792.97,24061.02,7,7,employed,master,1
43,91410.87,21389.11,3,6,employed,bachelor,1
54,45649.99,25819.6,0,2,employed,bachelor,1
36,55239.77,18174.55,14,7,employed,bachelor,0
18,38408.47,1000.0,12,3,self_employed,bachelor,0
34,79815.23,5043.34,14,1,employed,secondary,1
40,101950.21,18718.97,1,7,employed,phd,1
46,24763.66,12042.26,0,6,unemployed,master,0
51,53076.76,10529.26,3,2,employed,bachelor,0
30,85295.6,6174.19,1,5,employed,bachelor,0
49,31061.09,22580.72,6,7,unemployed,phd,0
50,71333.68,18649.54,9,5,employed,secondary,1
58,84429.44,19009.53,2,7,employed,secondary,0
45,61564.58,9931.18,5,5,self_employed,master,1
60,71005.26,16410.3,8,4,employed,secondary,1
29,95218.05,4297.88,4,3,unemployed,bachelor,0
55,98968.53,13961.38,6,3,employed,bachelor,0
20,58760.66,1000.0,8,8,employed,secondary,1
23,49352.44,2455.07,14,4,employed,secondary,1
62,41600.4,12421.51,4,7,employed,master,0
42,79539.28,34000.95,1,4,employed,secondary,1
50,32564.49,1000.0,13,5,employed,secondary,1
49,54948.52,5051.36,8,6,employed,bachelor,1
54,62053.8,16734.2,7,5,employed,secondary,1
30,49939.95,29155.38,10,7,employed,bachelor,1
27,65596.41,16617.38,14,9,employed,phd,1
20,111290.27,20617.13,1,8,self_employed,bachelor,0
62,57568.03,12299.17,12,9,employed,bachelor,1
29,51291.89,10915.03,9,1,self_employed,bachelor,1
47,80306.64,15657.47,8,7,employed,phd,1
41,64791.67,9733.68,12,7,employed,master,1
26,88786.72,20794.15,4,4,unemployed,master,1
39,63293.75,2149.82,11,3,unemployed,secondary,1
22,55031.54,22119.9,8,1,employed,secondary,0
27,24325.5,15314.5,14,8,employed,secondary,0
25,27605.31,13282.23,7,8,unemployed,secondary,0
60,23286.03,1856.12,10,1,employed,secondary,1
47,67586.78,7161.69,7,6,employed,master,1
66,32755.01,24589.21,5,5,employed,secondary,1
40,85111.55,13331.21,5,2,employed,secondary,1
28,60604.93,17227.19,13,5,self_employed,master,1
49,55116.26,7963.74,12,8,self_employed,phd,1
66,43122.9,14767.56,3,3,employed,secondary,1
45,72445.17,4022.78,12,7,employed,secondary,1
18,43910.04,15799.06,8,9,employed,master,1
33,40292.44,17965.13,1,5,self_employed,phd,0
66,83767.0,17564.92,11,1,unemployed,bachelor,1
44,67092.42,7771.32,2,3,employed,bachelor,0
67,55301.41,12263.59,13,2,self_employed,bachelor,1
44,72828.66,19297.55,6,4,employed,master,1
18,60178.64,13308.5,13,6,employed,secondary,1
63,67660.26,12701.56,7,2,employed,bachelor,1
57,43663.04,30227.74,1,5,employed,master,0
55,101407.97,7392.09,11,9,employed,bachelor,1
68,48407.6,23643.35,10,3,self_employed,secondary,1
28,91120.33,5762.55,4,8,employed,master,1
65,56222.62,20238.25,3,3,employed,bachelor,1
30,76141.94,20665.22,12,6,unemployed,secondary,1
68,74684.47,10917.08,11,2,self_employed,secondary,1
27,82937.04,5260.19,4,3,employed,secondary,1
46,43187.53,1000.0,10,8,employed,phd,1
59,81512.71,10079.09,3,6,self_employed,secondary,1
22,96928.8,19209.75,2,6,employed,master,0
21,54826.14,6378.97,9,5,employed,bachelor,1
62,60694.12,15775.59,12,3,employed,master,1
21,49531.07,3188.56,13,9,employed,phd,1
49,53071.27,13128.89,6,4,self_employed,phd,1
66,94228.46,5823.65,2,1,self_employed,master,1
49,39915.31,14376.16,8,9,employed,bachelor,1
43,41157.62,10991.36,10,1,unemployed,secondary,1
39,92218.02,5477.07,14,8,employed,secondary,1
51,72490.97,9729.01,1,3,self_employed,bachelor,0
47,102407.4,7526.75,9,1,employed,secondary,0
44,50991.23,4488.6,7,2,employed,bachelor,0
25,62525.62,23661.97,8,6,employed,secondary,1
52,46786.46,12118.6,1,5,self_employed,master,1
56,62866.02,1000.0,0,2,employed,secondary,0
54,24518.07,10013.75,9,3,employed,secondary,1
21,73699.09,22317.69,2,2,employed,bachelor,0
54,66469.48,8909.13,9,6,employed,bachelor,1
55,58848.91,26981.95,0,8,employed,master,1
27,52192.71,8146.7,12,3,employed,bachelor,0
62,42104.92,19027.26,4,9,employed,master,0
45,74554.26,23293.11,6,4,unemployed,secondary,0
42,36578.2,18601.55,5,1,self_employed,secondary,0
55,70237.92,4004.05,6,3,employed,bachelor,1
44,101489.03,7460.25,7,8,employed,secondary,1
46,89710.43,24360.57,9,8,employed,master,0
34,29897.44,8563.11,10,7,employed,master,1
66,49265.24,22805.41,14,4,self_employed,secondary,0
68,68429.01,11557.72,2,7,employed,master,0
24,58594.36,16131.5,13,7,unemployed,bachelor,0
56,32011.89,3911.14,9,8,employed,secondary,0
19,67706.32,10133.86,4,6,unemployed,bachelor,0
37,59799.66,7997.55,13,5,self_employed,bachelor,0
68,98286.51,16804.8,10,9,self_employed,phd,1
27,54935.43,15745.58,2,9,unemployed,secondary,1
37,83360.07,18701.2,2,5,employed,bachelor,1
29,34658.23,11075.82,9,2,employed,secondary,1
55,39439.81,7558.16,10,4,employed,secondary,1
42,74433.24,16461.83,0,5,self_employed,bachelor,1
48,81674.62,6763.29,9,7,unemployed,master,1
67,40852.15,23627.38,7,3,employed,bachelor,0
45,60481.55,14083.82,14,1,self_employed,master,1
56,32368.42,12390.92,11,8,employed,secondary,0
23,56375.6,18697.4,13,9,employed,bachelor,1
29,76738.46,14389.08,0,1,employed,secondary,1
67,51300.83,1735.59,11,3,employed,master,0
62,55019.31,6508.56,5,4,employed,secondary,1
52,37404.09,23461.67,8,7,self_employed,secondary,1
37,47032.83,15671.07,13,7,employed,master,1
28,95162.22,1547.46,13,4,employed,bachelor,0
62,61458.5,17816.9,3,3,employed,bachelor,0
58,39953.84,10525.93,3,4,employed,phd,1
30,53704.56,8004.0,10,3,self_employed,bachelor,1
48,28051.45,5841.02,13,4,unemployed,bachelor,1
50,39716.81,22999.44,9,3,employed,phd,1
42,87206.79,1000.0,0,1,self_employed,bachelor,1
66,57150.35,8299.74,2,7,self_employed,secondary,1
24,97814.6,15961.01,11,8,self_employed,master,1
31,58093.04,27626.9,11,3,employed,bachelor,0
22,59280.43,19430.87,13,4,employed,master,1
54,72817.88,8231.8,7,4,self_employed,bachelor,1
51,10000.0,27234.83,6,1,employed,secondary,0
69,64098.79,4159.01,1,5,employed,master,1
46,59020.27,17122.69,11,5,employed,secondary,1
25,89720.78,18902.28,14,9,employed,master,1
41,79293.59,7951.08,0,4,employed,master,0
22,37326.17,20580.74,7,8,unemployed,phd,1
52,84842.77,10888.88,5,4,employed,secondary,0
53,54753.71,20561.14,11,2,employed,bachelor,0
62,41910.94,1000.0,11,4,unemployed,secondary,1
35,63942.07,17679.81,3,8,employed,bachelor,1
34,55944.61,11703.15,14,3,employed,bachelor,1
21,90769.31,24197.63,2,8,self_employed,bachelor,1
39,66812.44,14648.15,11,6,unemployed,bachelor,1
42,64113.18,24993.84,11,7,self_employed,phd,1
57,78012.94,19060.9,2,7,employed,secondary,1
57,81857.43,13979.93,10,5,employed,bachelor,1
25,75672.1,21301.35,4,6,self_employed,bachelor,0
32,88389.27,21352.47,4,1,unemployed,secondary,1
44,72173.65,18775.28,1,7,employed,bachelor,1
35,63353.03,1000.0,11,7,unemployed,bachelor,1
19,84783.44,7139.52,12,1,self_employed,bachelor,0
61,58182.08,26072.85,7,5,employed,bachelor,1
56,60664.93,4952.43,11,5,employed,master,1
45,94431.54,22059.69,5,3,employed,phd,1
34,92438.48,20651.62,8,1,unemployed,secondary,0
61,59836.48,9193.98,11,1,employed,bachelor,1
19,50928.97,1000.0,6,2,self_employed,master,1
41,89263.47,10448.7,9,3,employed,secondary,1
59,76008.37,31624.12,2,2,self_employed,bachelor,0
67,66311.63,8093.78,7,6,employed,bachelor,1
31,53562.55,8645.94,12,4,unemployed,secondary,1
51,66633.93,7019.34,11,2,employed,bachelor,1
27,59565.83,24718.28,4,1,self_employed,master,1
24,46713.24,13056.67,8,6,self_employed,secondary,1
36,62580.85,9992.75,9,9,employed,secondary,1
64,65308.48,26307.79,14,8,unemployed,master,1
53,52492.1,19635.95,12,7,employed,master,0
43,78076.51,7645.68,12,3,unemployed,bachelor,1
32,85776.65,5211.33,11,7,employed,bachelor,1
25,79397.95,24265.36,5,1,self_employed,secondary,1
32,54475.03,15134.31,5,2,unemployed,master,0
25,75116.43,2607.49,6,2,unemployed,secondary,0
27,61559.23,1000.0,6,2,employed,master,1
53,35285.08,6071.69,14,4,employed,master,1
24,73454.59,5084.12,13,1,self_employed,secondary,1
20,62922.63,1000.0,13,8,employed,bachelor,1
46,111870.96,6203.94,9,7,unemployed,master,1
32,89145.42,7647.36,2,6,employed,master,1
41,74223.0,11298.55,2,2,employed,bachelor,0
25,64983.41,28543.28,4,8,self_employed,secondary,1
28,63274.45,12865.25,9,1,employed,bachelor,1
40,39926.21,13659.4,5,9,employed,bachelor,1
53,25220.26,19074.04,9,7,employed,bachelor,1
39,42548.82,13101.46,13,2,unemployed,secondary,0
46,59045.66,18201.22,5,2,employed,master,1
45,17889.21,17244.92,13,7,unemployed,bachelor,1
31,49113.56,15980.71,7,8,employed,secondary,0
32,55047.74,37131.73,12,5,employed,secondary,0
40,55691.47,22289.01,0,1,employed,secondary,0
19,46765.53,6346.22,4,5,employed,bachelor,1
53,53169.72,17961.78,13,5,employed,secondary,1
49,94477.88,8666.11,13,3,employed,bachelor,1
33,73242.91,18570.01,8,9,employed,secondary,0
37,48793.98,3998.5,0,4,self_employed,secondary,1
35,58633.04,6137.76,0,3,employed,secondary,1
51,59433.73,17751.26,6,7,employed,bachelor,1
57,44640.89,22981.35,13,6,employed,bachelor,1
23,44617.4,19021.15,5,6,employed,bachelor,1
39,80210.48,21832.94,13,5,self_employed,bachelor,1
18,51604.31,17990.55,8,3,self_employed,bachelor,0
41,38106.07,16379.97,2,3,self_employed,bachelor,0
30,59137.19,10970.45,8,2,employed,secondary,0
35,62360.2,21504.01,5,2,employed,bachelor,0
41,20545.92,23199.03,3,6,self_employed,secondary,1
34,59185.07,14495.07,10,4,unemployed,bachelor,0
38,77359.6,14064.59,3,7,employed,bachelor,1
57,69024.59,27731.25,13,8,employed,master,1
60,104595.9,14836.63,12,6,self_employed,bachelor,1
18,85022.19,15605.49,11,1,unemployed,bachelor,0
37,88978.68,18873.81,1,1,employed,secondary,1
62,116001.72,14217.55,14,3,employed,phd,1
45,75163.13,8437.28,7,3,self_employed,secondary,1
28,63261.4,18023.72,10,1,self_employed,secondary,1
48,79474.81,14689.96,2,8,employed,secondary,0
25,48815.27,29738.0,11,4,employed,phd,1
19,62153.73,21307.59,4,7,employed,master,0
50,47045.45,10236.14,10,2,self_employed,secondary,0
44,67959.69,20832.48,4,1,self_employed,secondary,0
57,46961.82,17462.93,13,2,employed,master,1
35,46261.43,25475.41,10,5,employed,secondary,0
62,68269.47,10804.37,6,5,self_employed,secondary,1
39,57245.77,16509.41,6,4,employed,bachelor,0
56,21449.58,14207.25,0,9,employed,bachelor,1
23,30888.86,15467.84,4,6,employed,bachelor,0
23,37054.67,7918.41,11,7,employed,bachelor,1
58,42340.56,19607.29,12,2,self_employed,bachelor,0
61,68288.47,18343.71,14,5,employed,bachelor,1
67,64378.78,25281.79,1,6,self_employed,secondary,0
34,81305.59,14919.79,3,6,self_employed,secondary,1
19,75056.04,11705.28,11,9,employed,master,1
68,81438.06,21314.36,5,5,unemployed,secondary,0
49,72167.92,8646.36,3,4,employed,bachelor,0
30,64193.59,23679.88,4,9,self_employed,secondary,0
57,81987.03,23662.74,13,4,employed,secondary,1
65,78388.26,25058.23,12,6,unemployed,bachelor,0
32,67521.91,18012.98,0,1,employed,secondary,0
58,85421.44,11108.03,12,2,employed,bachelor,0
58,13084.24,15873.5,8,1,employed,bachelor,1
44,54190.74,18040.55,12,4,employed,master,1
50,53884.19,10518.87,9,9,employed,bachelor,0
32,83053.66,25664.93,10,1,employed,secondary,0
66,91427.9,19640.67,8,9,employed,master,1
69,30996.41,7862.22,11,8,employed,master,1
69,88223.34,30062.99,12,1,self_employed,secondary,1
56,36571.1,15779.11,7,1,employed,bachelor,1
20,37175.7,6247.18,1,9,employed,bachelor,1
37,55314.29,8357.97,1,6,unemployed,bachelor,0
41,53635.87,26902.27,6,2,self_employed,secondary,0
67,28831.65,29599.88,7,9,employed,secondary,0
46,72997.56,23075.88,12,6,employed,secondary,1
45,73588.05,25554.47,0,6,employed,secondary,1
25,81080.83,24732.92,13,7,employed,bachelor,1
59,51330.89,19455.33,0,2,unemployed,master,0
35,59208.35,17632.33,7,4,employed,bachelor,0
22,59391.46,19318.91,6,2,unemployed,bachelor,0
69,93759.91,20888.12,8,5,self_employed,secondary,1
27,10000.0,9067.22,0,9,unemployed,bachelor,0
18,40861.11,20855.67,11,6,employed,master,1
22,60110.82,26668.93,2,7,self_employed,master,1
41,38288.6,13349.02,11,2,self_employed,bachelor,0
23,54833.59,12494.02,8,5,self_employed,bachelor,1
61,57478.49,18812.37,13,9,employed,secondary,1
44,46846.28,9802.74,14,1,employed,phd,1
34,61289.38,4465.45,12,2,employed,secondary,1
18,72562.99,24181.75,6,7,employed,secondary,0
42,55274.67,11392.39,6,1,unemployed,bachelor,0
25,50936.11,15147.59,9,2,self_employed,secondary,0
68,56684.7,10119.0,9,9,employed,secondary,1
33,59851.27,25214.04,11,1,employed,master,0
42,25193.61,21825.41,7,4,employed,secondary,1
18,69231.08,13074.08,6,3,self_employed,secondary,1
24,50979.98,5560.82,1,4,unemployed,secondary,0
28,85230.7,12224.56,2,3,employed,secondary,1
20,71821.07,19561.22,12,3,employed,phd,0
55,83401.33,16509.09,14,7,unemployed,bachelor,1
67,39779.92,15872.78,9,1,self_employed,master,0
69,52572.27,16693.59,5,2,unemployed,master,0
31,35150.83,21070.37,0,3,employed,bachelor,0
59,45896.18,14665.13,0,8,employed,bachelor,1
44,85042.11,18600.11,10,4,self_employed,bachelor,1
20,89749.81,7104.65,9,1,employed,bachelor,1
22,37037.33,35430.81,4,5,self_employed,bachelor,0
46,50834.45,12729.13,2,6,self_employed,bachelor,1
40,58476.09,16628.74,1,5,employed,bachelor,0
18,71712.11,19531.72,10,1,employed,bachelor,1
66,24803.79,11713.68,9,8,self_employed,secondary,1
55,27940.0,15062.6,4,8,unemployed,bachelor,0
44,69792.52,14965.4,10,9,employed,bachelor,1
69,21019.23,7687.7,12,9,self_employed,bachelor,1
68,51064.05,18508.72,7,3,employed,bachelor,0
68,63241.84,1806.23,3,4,unemployed,master,0
31,68313.32,29021.67,0,9,self_employed,master,0
63,57165.64,21343.77,11,5,employed,secondary,1
44,52684.87,20112.98,8,8,self_employed,bachelor,0
55,76891.42,1106.86,5,6,self_employed,secondary,1
62,65704.12,8659.77,0,9,self_employed,secondary,0
26,47059.67,26114.76,12,1,employed,secondary,1
41,60754.46,48209.93,13,7,self_employed,master,1
24,67663.38,24557.54,7,8,self_employed,master,0
32,94364.74,23295.55,4,2,employed,secondary,0
39,75726.47,19199.79,9,7,employed,master,1
62,84291.14,8220.02,13,2,unemployed,bachelor,1
62,47787.85,22961.39,8,9,self_employed,master,1
38,49516.34,6190.34,0,9,employed,bachelor,0
35,55292.4,5315.32,2,1,unemployed,bachelor,0
45,57128.55,4811.77,1,5,employed,bachelor,1
65,39839.5,22805.78,6,4,self_employed,secondary,1
68,85318.67,14540.69,6,9,employed,secondary,1
29,77667.03,15806.86,8,3,employed,bachelor,1
27,53886.44,14876.77,11,7,unemployed,master,1
54,72834.21,5994.27,1,2,self_employed,bachelor,0
33,64457.98,9634.15,14,2,employed,master,1
28,74396.56,10036.59,3,9,unemployed,secondary,1
19,33113.86,3757.83,7,4,unemployed,master,1
38,57086.78,10966.32,3,7,self_employed,master,1
38,58839.23,6349.55,5,9,employed,bachelor,1
47,72472.84,19621.41,12,9,employed,bachelor,1
28,47431.25,20287.77,0,1,self_employed,secondary,0
55,10001.39,4650.89,7,3,unemployed,secondary,1
53,38366.01,12626.95,8,7,employed,secondary,0
42,58779.04,29848.48,8,9,employed,bachelor,1
27,61277.68,7153.9,5,9,employed,master,1
44,93674.96,18413.1,5,7,employed,secondary,1
53,71654.93,15844.18,13,1,self_employed,master,1
37,61630.61,23743.1,3,7,employed,master,1
31,59352.17,17363.73,7,3,self_employed,bachelor,1
44,82083.67,11549.64,5,8,self_employed,phd,1
36,48197.79,15534.11,11,5,employed,master,1
38,57194.32,15650.96,12,2,unemployed,secondary,0
36,38214.84,14266.44,12,8,employed,phd,1
33,88378.12,4447.11,1,9,employed,bachelor,0
55,67849.98,24944.71,1,5,employed,secondary,0
41,45849.53,23531.47,5,8,employed,secondary,1
42,57710.9,6646.49,6,1,employed,bachelor,0
51,70193.02,12594.19,0,3,unemployed,phd,0
36,54985.62,13199.31,13,2,employed,bachelor,1
23,49310.59,5747.85,13,3,employed,bachelor,1
62,46914.53,1000.0,6,4,self_employed,secondary,1
20,66779.24,9635.26,11,4,unemployed,master,1
47,52838.91,12148.78,8,3,employed,secondary,1
31,50924.85,3470.13,9,5,employed,bachelor,1
29,33278.76,16415.82,13,2,employed,bachelor,0
20,61552.81,24302.85,1,4,employed,secondary,0
64,56375.53,21736.93,3,8,employed,master,1
40,53567.03,13986.51,6,6,self_employed,phd,1
35,63975.41,1000.0,13,1,employed,bachelor,1
56,74960.05,20725.62,8,3,employed,bachelor,1
20,74031.31,16171.14,5,8,self_employed,master,1
47,71054.57,18394.81,0,2,employed,secondary,0
43,55186.59,30488.82,8,9,employed,secondary,1
46,48660.03,8401.51,4,3,self_employed,bachelor,1
24,39121.69,1000.0,4,6,employed,bachelor,1
67,48136.87,6572.36,14,5,employed,bachelor,1
30,60393.0,18888.36,7,6,employed,bachelor,1
53,44274.28,15215.41,2,8,employed,bachelor,1
56,61921.14,5274.91,0,2,self_employed,secondary,0
35,40690.87,3642.26,5,4,employed,secondary,1
24,26780.16,12163.13,0,6,employed,secondary,1
33,76388.12,5031.24,6,3,employed,bachelor,1
59,50511.71,19165.07,6,4,employed,master,0
65,43259.33,11708.58,13,8,self_employed,master,1
66,38123.06,9983.06,5,3,unemployed,bachelor,0
29,68460.72,8933.79,4,2,employed,bachelor,0
49,87498.15,17104.98,9,6,employed,secondary,0
25,51938.52,15340.87,9,1,self_employed,bachelor,0
54,55688.73,16615.66,0,1,employed,master,1
39,81432.64,16441.04,1,8,employed,secondary,1
55,23791.09,14422.44,2,3,unemployed,master,0
53,99337.37,6734.96,11,2,employed,secondary,1
69,108882.01,9156.96,3,6,employed,secondary,1
43,10000.0,11842.6,14,5,employed,bachelor,0
35,58049.94,31521.56,6,5,employed,master,0
45,45621.06,4209.31,14,4,employed,bachelor,1
26,54704.56,11648.19,3,2,employed,master,0
23,51632.3,15786.14,6,8,self_employed,master,1
44,76235.18,12573.34,2,1,employed,bachelor,1
60,57748.6,23591.76,12,5,unemployed,secondary,0
45,41781.86,12532.02,8,3,employed,bachelor,0
58,56556.3,13123.67,1,6,employed,bachelor,0
27,70295.68,21517.03,11,5,employed,bachelor,1
41,36325.57,29485.69,13,4,employed,bachelor,0
49,27075.33,26259.99,10,5,self_employed,bachelor,1
36,99854.86,13906.77,12,3,employed,secondary,1
18,47151.47,14603.89,4,2,employed,secondary,0
21,57252.94,15373.75,6,9,employed,bachelor,0
66,52044.09,16176.0,12,6,employed,master,1
49,70961.75,8221.22,9,6,employed,master,1
31,95455.8,22492.75,9,9,employed,phd,1
31,71598.68,16652.87,11,9,employed,bachelor,0
20,29632.7,14641.15,9,6,self_employed,secondary,1
67,32317.53,4830.84,1,8,self_employed,bachelor,1
23,52020.7,15498.29,3,5,employed,master,0
57,54635.34,1000.0,11,3,employed,bachelor,1
30,25560.97,10346.81,3,6,employed,bachelor,0
35,76386.82,10495.22,9,9,employed,bachelor,1
32,38273.59,17295.96,7,8,employed,secondary,1
60,89866.03,30038.8,9,5,employed,secondary,1
19,96412.65,19575.26,3,9,unemployed,secondary,1
36,55034.93,26587.22,4,2,self_employed,bachelor,1
32,68779.45,20161.7,10,1,employed,master,1
32,35361.06,24000.43,2,4,employed,secondary,0
28,72473.53,29857.02,4,2,employed,secondary,0
65,50036.15,9145.31,14,9,employed,master,1
37,38255.29,8623.16,2,2,employed,master,0
39,54213.3,20350.49,8,5,employed,bachelor,0
38,50685.04,14970.57,2,7,employed,bachelor,0
68,53496.81,16762.83,10,1,employed,bachelor,1
35,78993.6,13010.66,1,1,self_employed,bachelor,1
35,44293.85,10229.93,8,5,employed,master,1
35,94700.46,27966.12,6,9,unemployed,secondary,1
35,33498.81,6201.11,10,1,employed,master,0
22,92308.61,20491.14,0,1,employed,bachelor,0
49,39669.79,19193.83,7,9,employed,bachelor,0
19,59979.74,2367.89,8,6,employed,secondary,1
29,50196.08,8353.76,3,7,employed,master,1
28,53125.43,9698.48,4,3,employed,bachelor,1
33,76027.14,19516.67,10,3,employed,bachelor,0
57,89996.54,12063.72,8,5,employed,bachelor,1
49,83810.49,14315.28,8,2,employed,secondary,1
69,51902.87,3338.82,14,4,self_employed,secondary,1
36,63685.1,33607.29,6,9,self_employed,secondary,1
66,44358.44,15569.56,13,7,self_employed,secondary,0
20,40168.99,18992.01,14,8,unemployed,bachelor,0
44,37073.98,10675.0,8,5,employed,bachelor,1
59,51248.53,9778.98,3,8,unemployed,bachelor,1
45,64992.11,30301.48,6,4,employed,bachelor,0
66,21763.7,1000.0,0,6,employed,secondary,0
34,59072.93,17229.18,10,7,self_employed,bachelor,0
19,90320.5,5307.97,4,8,employed,bachelor,1
58,82438.22,11759.99,13,9,employed,bachelor,1
21,48296.32,9895.24,9,1,employed,secondary,0
57,32062.54,7112.18,7,8,employed,master,1
56,69196.61,15283.53,2,7,employed,master,0
61,13651.43,1000.0,1,7,self_employed,master,1
42,82203.08,12476.09,10,1,employed,bachelor,1
64,55728.25,14277.68,11,5,employed,bachelor,1
26,96626.01,4125.79,3,9,employed,master,1
40,25460.69,27105.75,0,9,unemployed,master,1
24,78362.92,10244.33,4,3,unemployed,master,0
57,57989.82,13100.13,11,5,self_employed,master,0
55,53378.99,10262.25,8,8,employed,master,1
59,32603.13,14347.47,1,9,employed,bachelor,1
57,71914.96,25465.15,1,3,employed,secondary,1
34,73522.75,34784.13,1,8,self_employed,bachelor,1
21,95702.56,20965.11,11,8,employed,bachelor,0
66,80161.01,23703.95,11,2,self_employed,master,1
43,48122.09,28731.42,6,1,employed,bachelor,0
22,39922.75,16990.97,10,1,unemployed,bachelor,0
66,32630.17,27562.01,0,2,employed,phd,0
69,89464.49,21339.21,8,7,employed,bachelor,1
41,44436.51,16151.9,4,4,employed,secondary,0
58,89604.6,17802.73,12,7,employed,bachelor,1
19,70501.44,1000.0,7,1,unemployed,bachelor,0
22,66598.06,17336.95,12,6,employed,secondary,1
32,53862.63,2650.02,8,7,unemployed,bachelor,0
52,73213.46,1997.85,6,9,employed,phd,1
24,59690.58,16543.03,14,3,employed,secondary,1
19,52615.73,6087.37,14,5,employed,bachelor,1
52,73920.1,14943.09,6,5,employed,bachelor,1
58,57120.56,16107.48,5,4,self_employed,bachelor,1
56,44033.3,16464.4,9,6,employed,bachelor,1
59,71996.54,7767.03,2,6,employed,bachelor,0
59,58720.29,22189.46,5,8,employed,bachelor,1
49,69778.2,14286.12,12,1,self_employed,phd,1
45,50922.8,18528.61,13,2,unemployed,secondary,0
62,35817.57,5428.48,6,6,self_employed,bachelor,1
36,94701.48,13573.38,5,6,employed,master,1
23,90932.23,23778.36,13,9,employed,secondary,1
57,77675.7,22761.42,3,7,employed,master,0
32,52243.79,8621.66,0,1,unemployed,bachelor,0
68,53993.64,10635.53,1,5,employed,secondary,1
39,87646.55,7090.51,1,8,unemployed,secondary,0
62,52923.4,9748.7,13,8,self_employed,secondary,1
20,47348.88,3807.46,0,8,self_employed,master,1
52,97444.69,13894.59,4,5,self_employed,bachelor,0
41,59046.45,20065.11,9,1,employed,master,0
42,95368.51,8719.58,9,2,employed,master,1
31,32032.16,14275.15,12,8,employed,bachelor,1
68,70363.7,13236.01,14,4,employed,master,1
38,101421.65,23440.95,6,7,self_employed,master,1
62,60595.01,10107.27,3,1,employed,secondary,1
40,54719.91,10398.27,1,5,unemployed,master,0
20,36644.96,8231.83,13,9,unemployed,master,1
63,81646.86,5899.92,5,3,employed,bachelor,1
27,44597.44,19233.48,13,1,employed,secondary,1
32,58103.83,13919.11,5,3,employed,secondary,1
62,35309.95,15438.48,11,1,employed,phd,1
64,91137.89,25197.13,9,6,self_employed,bachelor,0
65,83097.71,25656.65,10,2,self_employed,master,1
40,59368.31,1830.13,9,3,self_employed,master,1
57,36917.02,20182.68,4,6,employed,secondary,0
35,90718.14,16805.18,1,3,self_employed,phd,0
56,52681.37,11307.27,0,6,self_employed,bachelor,0
44,37895.9,17621.47,6,9,unemployed,bachelor,0
20,24757.64,1188.93,13,9,self_employed,secondary,1
39,47080.7,26701.14,9,7,self_employed,secondary,1
42,30907.24,19119.55,10,9,employed,bachelor,0
31,47543.58,8078.42,3,7,self_employed,secondary,0
37,74888.17,10316.72,7,1,employed,secondary,1
44,52492.0,1374.83,6,9,employed,secondary,0
20,67113.87,12488.34,2,6,employed,bachelor,0
25,45533.31,11138.14,9,1,employed,master,0
57,61303.38,4399.12,5,6,employed,secondary,1
36,98418.02,21213.62,6,3,employed,secondary,1
49,53030.28,25214.38,8,5,self_employed,bachelor,1
47,67688.59,14781.12,0,6,self_employed,bachelor,1
46,28689.46,12554.82,14,1,unemployed,bachelor,1
39,90402.12,18479.88,3,4,self_employed,phd,1
43,50455.87,14842.89,10,1,employed,secondary,0
60,81010.67,6342.57,11,2,self_employed,bachelor,1
68,57536.39,9778.58,2,2,employed,master,1
31,72231.59,12628.51,3,8,employed,bachelor,1
52,73420.25,16985.49,6,4,unemployed,bachelor,0
68,50951.19,15074.69,12,1,unemployed,master,0
18,81838.13,16682.96,9,7,employed,secondary,1
58,44820.3,2801.38,7,5,self_employed,secondary,1
43,75558.68,20321.74,12,2,employed,secondary,1
68,52195.89,15027.33,7,6,unemployed,master,0
48,66991.16,35421.67,13,3,self_employed,master,0
61,50760.14,11898.93,11,6,employed,secondary,0
26,60999.52,17587.67,2,9,self_employed,bachelor,1
25,38506.13,37633.75,5,3,employed,bachelor,0
66,64951.14,16552.73,0,7,employed,secondary,1
45,60883.76,14458.96,3,1,self_employed,master,1
47,49196.93,7104.62,0,4,self_employed,bachelor,0
26,58899.44,27226.13,1,9,employed,master,0
29,62680.09,5727.19,0,1,self_employed,master,0
60,47672.86,18416.97,10,9,employed,secondary,1
33,57424.83,11211.56,6,1,employed,bachelor,1
48,39888.96,13485.31,7,5,self_employed,bachelor,0
34,106914.66,3608.54,11,2,employed,secondary,1
31,81182.37,25745.02,12,1,employed,secondary,0
26,65461.88,12777.62,7,4,unemployed,master,0
66,83442.26,5279.28,6,6,self_employed,bachelor,1
66,20414.95,25021.52,9,7,employed,bachelor,1
23,10000.0,10966.91,6,3,employed,secondary,0
36,52014.18,17676.86,6,5,unemployed,bachelor,0
47,32428.72,21731.33,4,2,unemployed,bachelor,0
37,55267.89,18792.27,2,7,employed,secondary,1
55,64113.13,1000.0,2,2,employed,secondary,1
31,78408.29,20562.85,9,8,employed,bachelor,1
21,37234.72,14195.09,12,2,employed,bachelor,0
35,67992.61,12367.77,6,6,employed,secondary,1
49,60287.79,14127.4,1,3,self_employed,master,1
27,66950.19,2119.74,9,9,self_employed,secondary,1
60,49604.56,16537.37,13,3,unemployed,master,1
18,87662.7,4084.87,7,9,employed,secondary,1
21,57929.83,12713.28,0,8,employed,bachelor,0
44,95483.64,16250.12,1,5,employed,bachelor,1
44,44192.23,23592.3,7,5,employed,bachelor,1
33,74856.55,8443.09,12,4,employed,phd,1
31,58806.63,26612.7,0,4,unemployed,secondary,0
21,53445.15,22574.83,11,5,employed,secondary,1
52,72646.31,11564.72,11,2,self_employed,secondary,1
37,54016.53,6130.01,0,3,employed,bachelor,1
24,10000.0,3449.47,3,8,employed,master,0
38,10000.0,17174.03,0,9,unemployed,secondary,0
66,85448.44,9101.73,8,1,unemployed,master,1
31,84605.17,24594.85,2,7,employed,bachelor,0
64,97746.82,9563.81,13,3,unemployed,master,1
31,59649.44,7794.63,1,6,employed,bachelor,0
27,34147.3,16869.01,9,6,self_employed,phd,1
31,51608.32,9511.63,11,8,employed,bachelor,1
34,60228.49,15068.4,2,7,employed,phd,1
24,39859.24,22887.91,3,8,self_employed,bachelor,1
48,92971.49,15937.83,11,8,self_employed,secondary,1
35,104790.06,15967.72,1,6,self_employed,master,1
55,69565.61,16641.17,6,4,employed,bachelor,1
43,59782.73,1455.21,3,4,unemployed,secondary,1
41,34100.66,18134.7,0,4,employed,bachelor,0
42,90928.68,16279.45,6,4,employed,master,0
26,61526.14,22143.18,7,3,employed,bachelor,1
55,54216.71,19846.49,5,3,employed,secondary,1
23,69623.48,13384.41,12,6,employed,master,1
55,48285.77,23259.14,1,3,self_employed,bachelor,1
69,62937.5,12658.95,6,4,employed,secondary,1
57,31150.66,16977.26,2,7,employed,secondary,1
41,81741.74,12510.8,11,3,employed,secondary,1
34,57911.78,18694.06,8,1,self_employed,bachelor,0
63,83176.02,11988.08,10,1,employed,secondary,1
31,55977.28,28180.41,1,7,employed,secondary,0
43,57276.01,31138.9,6,9,self_employed,bachelor,1
58,35753.65,21991.51,0,7,unemployed,master,0
65,75195.14,27330.37,4,1,unemployed,bachelor,0
65,42483.2,2686.28,14,6,employed,bachelor,1
22,50271.55,3628.98,10,3,unemployed,bachelor,0
64,60020.94,12427.52,1,3,self_employed,secondary,0
23,62424.48,15329.85,5,9,unemployed,master,0
48,25878.06,13414.34,13,8,employed,secondary,1
66,55383.88,1862.92,2,7,employed,secondary,0
52,75904.6,24212.73,11,5,employed,bachelor,1
67,52433.24,32233.59,4,6,self_employed,secondary,0
35,55505.36,25247.9,7,9,employed,secondary,0
34,63248.12,23684.19,13,6,employed,bachelor,0
34,57480.79,16808.96,10,6,employed,bachelor,1
36,39389.69,8256.02,4,1,unemployed,secondary,0
53,59273.08,15580.22,0,9,employed,bachelor,0
41,79881.46,31844.7,3,8,self_employed,bachelor,0
56,38976.48,12184.1,6,4,employed,master,1
39,52510.36,11360.34,2,3,unemployed,secondary,0
34,32367.37,23858.43,13,9,employed,master,0
27,78827.64,24389.49,0,9,employed,bachelor,1
46,58152.84,8216.79,8,4,employed,bachelor,1
64,42996.01,12908.12,14,3,employed,secondary,1
62,61845.31,10984.76,5,8,self_employed,bachelor,1
31,35928.0,15557.52,8,6,self_employed,secondary,1
42,39330.09,23829.49,1,9,employed,bachelor,0
54,30797.33,8567.78,10,5,employed,bachelor,1
49,38664.42,23717.32,14,5,employed,secondary,1
21,87146.75,15813.21,11,2,employed,secondary,0
48,45337.63,33609.54,2,6,unemployed,master,0
20,69324.5,17550.65,5,4,self_employed,bachelor,0
24,43273.97,14224.65,10,2,employed,bachelor,1
51,75190.67,19597.72,11,8,employed,phd,1
23,39478.36,12302.83,6,4,self_employed,secondary,0
35,60784.56,1000.0,14,2,self_employed,bachelor,1
48,61057.03,13075.83,3,9,unemployed,master,1
52,106556.11,12949.65,11,9,employed,secondary,1
41,72608.51,2261.46,7,5,employed,secondary,1
22,48141.92,14415.72,10,3,employed,master,1
59,73700.98,1000.0,8,2,self_employed,secondary,1
67,102763.49,12218.51,6,6,employed,secondary,0
64,27407.28,16948.77,12,6,self_employed,bachelor,0
56,43150.36,15775.97,12,6,employed,master,1
38,55262.05,11711.44,12,7,self_employed,bachelor,1
63,51658.24,14315.76,1,5,employed,secondary,0
43,53344.87,8727.48,6,7,self_employed,bachelor,0
25,33915.35,15086.53,11,6,employed,bachelor,1
62,88079.12,15464.69,13,8,self_employed,bachelor,1
34,31547.83,7798.0,5,7,employed,master,1
66,55995.74,17141.59,11,1,self_employed,secondary,1
37,80916.61,17091.62,8,6,self_employed,bachelor,1
63,59396.3,13670.32,3,9,employed,bachelor,0
45,40412.12,34368.38,13,6,employed,master,1
42,33026.49,13874.38,6,5,employed,bachelor,1
33,55400.02,12766.13,9,6,employed,secondary,1
61,44859.41,11620.86,4,6,self_employed,bachelor,1
21,64104.62,7232.49,0,4,employed,bachelor,1
42,31970.98,20487.18,6,9,employed,bachelor,1
37,76260.71,9510.02,10,1,employed,secondary,1
46,62310.99,10456.41,4,8,employed,secondary,1
31,63796.73,10694.07,13,2,employed,secondary,1
52,88821.54,7120.45,11,2,self_employed,secondary,1
38,51244.09,1000.0,9,6,employed,secondary,0
27,45483.67,11296.48,12,6,unemployed,secondary,0
28,49044.73,21986.68,12,9,self_employed,secondary,1
54,56149.47,16575.84,10,3,employed,secondary,1
31,58180.7,27484.6,12,1,unemployed,phd,0
33,43386.05,21007.65,10,3,self_employed,bachelor,1
50,19538.29,19191.72,12,5,employed,secondary,0
35,48781.42,30061.19,1,4,employed,bachelor,0
38,67196.51,14222.84,5,3,self_employed,bachelor,1
30,62725.17,15504.61,13,9,employed,secondary,1
35,83991.09,14908.28,7,6,employed,bachelor,0
54,99109.73,27350.29,0,7,employed,secondary,1
45,75186.68,15020.12,12,7,employed,bachelor,1
69,87650.41,9813.78,9,4,self_employed,secondary,1
58,75335.49,19701.4,13,7,employed,bachelor,1
18,94197.99,8469.92,0,9,employed,secondary,1
37,97017.07,19267.77,2,7,self_employed,secondary,0
33,79023.3,18310.73,7,3,employed,bachelor,1
48,74127.6,13484.78,2,8,employed,secondary,0
31,55895.36,19526.49,7,3,employed,bachelor,1
68,59173.25,3097.68,5,1,unemployed,secondary,0
33,53243.25,16303.7,3,4,self_employed,bachelor,0
45,72425.03,11297.88,11,5,employed,bachelor,1
24,45593.04,37898.11,0,5,self_employed,master,0
65,56177.88,16246.6,13,3,self_employed,bachelor,0
65,12896.6,10228.86,2,3,self_employed,phd,0
59,94461.8,3973.59,8,9,self_employed,secondary,1
36,55590.51,25443.25,14,3,unemployed,bachelor,0
21,69111.61,12199.74,1,8,self_employed,bachelor,1
54,89155.73,8669.18,13,3,employed,bachelor,1
40,66005.87,17690.39,4,1,employed,bachelor,0
69,88886.87,20197.75,11,1,employed,phd,1
54,35165.24,20071.62,12,3,employed,master,0
46,107947.53,15158.0,3,8,unemployed,secondary,0
69,81742.2,16273.52,5,5,self_employed,bachelor,1
59,64184.05,16856.3,12,7,self_employed,secondary,1
41,88501.59,17691.17,1,9,self_employed,bachelor,1
18,36627.3,18399.08,1,1,unemployed,bachelor,0
22,54227.7,23755.62,4,1,self_employed,secondary,1
41,88885.01,15451.32,9,9,employed,secondary,1
47,22658.8,8465.57,12,6,employed,master,1
19,71209.16,13845.67,8,6,employed,secondary,1
24,70643.52,21030.25,7,4,employed,secondary,0
54,99384.52,1000.0,13,8,employed,secondary,1
57,28340.89,1000.0,2,6,employed,bachelor,1
19,92192.62,22346.21,13,3,employed,secondary,0
44,48810.59,27160.98,4,6,employed,bachelor,1
22,51059.81,4878.4,4,1,unemployed,secondary,1
55,35559.91,15803.67,14,3,employed,secondary,1
61,38242.96,11803.64,9,2,self_employed,secondary,0
63,68070.45,12913.36,6,8,employed,secondary,1
49,37753.36,17444.25,4,7,unemployed,bachelor,0
50,74805.69,4657.04,6,1,self_employed,secondary,0
66,46740.68,6142.26,11,9,unemployed,bachelor,1
49,35739.32,12589.99,2,8,employed,bachelor,1
41,49443.82,13837.0,2,4,self_employed,secondary,1
57,66734.14,5992.36,4,2,employed,secondary,0
48,54452.93,21317.18,7,4,employed,bachelor,0
61,60684.2,11659.51,12,6,self_employed,bachelor,1
45,73924.15,11625.46,3,6,employed,bachelor,1
63,81648.43,17261.27,11,4,employed,master,1
20,53798.09,13968.73,13,1,unemployed,secondary,1
19,39115.56,21699.81,6,6,employed,bachelor,1
23,61521.89,7532.62,14,7,self_employed,bachelor,1
46,69412.99,3820.91,13,3,employed,secondary,1
54,30785.49,12521.7,11,6,employed,bachelor,1
29,42187.83,15481.89,5,6,employed,bachelor,0
26,45616.26,5073.95,4,5,employed,bachelor,1
62,55843.56,3897.97,12,1,self_employed,bachelor,1
57,44779.32,16458.38,6,3,unemployed,secondary,0
51,74140.81,8937.76,0,4,employed,bachelor,1
43,27897.34,3379.91,10,8,employed,master,1
39,28405.63,22722.73,5,8,self_employed,bachelor,0
19,53322.22,9945.64,14,8,employed,bachelor,0
27,56486.94,24198.49,12,5,employed,bachelor,0
64,30907.12,15227.77,1,3,employed,bachelor,1
35,47865.02,17358.07,13,5,self_employed,secondary,0
54,51979.12,13308.0,14,8,employed,bachelor,1
54,52134.04,1000.0,11,6,employed,bachelor,1
34,63037.63,5905.71,4,6,unemployed,secondary,0
28,46768.42,13994.32,10,4,unemployed,secondary,0
53,89556.73,17917.83,13,7,self_employed,secondary,1
22,69764.09,1000.0,12,8,self_employed,bachelor,0
43,43857.73,14571.19,6,7,unemployed,secondary,0
64,61890.23,6021.89,10,4,self_employed,master,1
54,62480.31,16876.96,5,8,self_employed,master,1
57,84294.43,14844.79,3,9,employed,phd,0
22,47992.35,20948.01,10,8,employed,secondary,0
28,75346.77,23534.58,6,8,self_employed,bachelor,1
32,60837.09,18671.92,3,3,self_employed,master,0
33,89831.33,21883.15,9,4,employed,bachelor,1
28,85817.83,12197.26,4,3,self_employed,secondary,1
68,63939.59,37584.94,8,4,self_employed,master,1
26,54754.35,5249.45,5,7,employed,bachelor,1
54,70132.12,10777.95,13,7,self_employed,bachelor,1
48,56391.0,22210.87,12,1,employed,phd,1
49,93606.14,21021.77,7,7,self_employed,phd,1
29,61569.4,18899.11,10,2,unemployed,bachelor,0
33,51887.15,20402.55,2,2,unemployed,secondary,0
49,50807.7,1000.0,14,5,unemployed,bachelor,1
33,35739.29,27714.39,3,3,self_employed,bachelor,0
54,71131.18,13368.87,13,9,employed,bachelor,1
20,43599.78,24967.15,12,2,self_employed,bachelor,1
21,81962.97,1000.0,2,2,employed,bachelor,0
55,34141.3,17052.55,0,7,employed,bachelor,0
50,62544.83,10491.98,11,3,employed,master,1
20,83004.48,19576.96,13,7,employed,master,1
64,16955.06,17536.56,10,7,employed,bachelor,0
18,100365.31,17928.38,0,2,employed,bachelor,0
67,51494.3,6528.47,9,6,employed,bachelor,1
55,62821.91,14544.25,5,5,employed,bachelor,0
69,71428.98,13558.66,13,1,employed,secondary,1
67,74522.58,18962.48,12,7,employed,bachelor,1
34,65477.68,22914.38,11,8,unemployed,bachelor,0
57,79947.69,16203.81,6,9,employed,bachelor,1
28,70381.41,4790.62,4,1,self_employed,master,0
42,95217.62,15860.63,12,2,employed,phd,1
30,70446.55,35888.61,1,8,unemployed,master,0
43,99292.71,28168.04,1,3,self_employed,master,1
63,78021.58,1000.0,0,6,unemployed,bachelor,0
40,23885.0,15506.75,7,4,unemployed,master,0
22,112222.05,22456.96,1,2,self_employed,master,0
34,48513.12,13541.38,8,6,employed,bachelor,0
58,89910.88,11319.27,2,2,employed,secondary,1
45,60535.87,12864.29,13,2,employed,secondary,1
47,81221.81,19417.52,6,5,unemployed,bachelor,0
40,46230.42,5812.24,1,2,unemployed,bachelor,0
33,72514.89,24509.51,10,2,employed,bachelor,1
49,54936.19,14552.06,5,8,self_employed,master,1
50,91580.06,7519.81,3,5,employed,master,1
64,68773.36,23994.8,9,5,self_employed,secondary,1
50,78718.85,2638.95,14,2,self_employed,secondary,1
69,16718.46,10558.32,14,2,employed,bachelor,1
60,58288.55,10426.6,6,4,unemployed,secondary,0
22,68211.03,32151.54,12,4,employed,master,1
38,64472.3,9519.83,3,5,self_employed,master,0
38,79223.14,1000.0,12,2,self_employed,bachelor,1
18,52681.92,10345.48,14,9,employed,bachelor,1
27,60975.74,18644.4,7,4,employed,master,0
57,83624.54,21272.68,7,8,employed,master,1
36,14426.22,33212.32,8,4,employed,bachelor,1
25,71787.01,26255.18,1,5,unemployed,phd,0
32,53322.3,16503.38,12,2,employed,bachelor,1
32,41753.64,7868.68,11,7,employed,secondary,1
27,66730.88,27992.22,13,1,employed,bachelor,1
23,84549.03,12051.49,1,7,employed,master,0
57,80782.88,9734.74,12,8,employed,phd,1
60,57297.74,11663.41,5,4,self_employed,secondary,0
43,77514.82,4981.69,12,8,employed,bachelor,1
50,77361.36,11279.84,14,7,self_employed,bachelor,1
65,58252.57,13135.13,13,1,employed,master,1
61,46138.39,20845.25,13,2,self_employed,bachelor,1
19,47295.32,11895.29,1,6,employed,secondary,0
67,76757.07,4860.33,4,7,employed,master,1
21,59157.06,2169.82,4,1,employed,bachelor,0
19,39076.36,16676.56,7,7,self_employed,master,1
38,26302.74,15581.01,14,8,unemployed,master,1
56,76636.63,10565.5,10,1,employed,secondary,1
22,49064.43,11260.35,8,8,employed,phd,0
33,66607.76,18107.9,12,5,self_employed,bachelor,1
31,84794.14,26124.37,2,6,employed,phd,0
38,33821.51,8758.84,9,1,self_employed,secondary,0
69,59097.25,15711.22,7,6,employed,master,1
35,56586.12,22666.16,3,5,unemployed,secondary,0
28,67594.86,8791.09,9,4,employed,secondary,0
24,84783.2,14874.94,12,8,employed,phd,1
28,33410.96,14696.04,12,3,self_employed,secondary,1
24,71395.96,4509.64,12,1,employed,secondary,1
47,80630.48,16347.99,12,5,self_employed,master,1
39,56272.46,15252.36,7,7,self_employed,bachelor,0
43,57251.06,19440.67,0,2,employed,bachelor,1
61,68368.99,5504.91,14,9,employed,phd,1
48,66896.34,15079.76,6,7,employed,bachelor,1
26,71647.05,26053.87,9,9,employed,secondary,0
37,71225.61,31620.0,0,5,self_employed,bachelor,0
34,40360.55,25241.03,13,2,self_employed,bachelor,0
60,79805.33,5583.43,13,2,employed,secondary,1
33,83335.66,18608.42,13,5,self_employed,bachelor,1
25,63721.66,11134.83,2,6,self_employed,bachelor,1
56,30116.89,17271.2,12,7,self_employed,secondary,1
40,57705.09,8822.27,9,8,employed,secondary,0
22,63888.12,1292.21,2,7,employed,master,1
53,37108.0,12243.86,8,6,employed,secondary,1
28,52797.24,20780.82,7,1,self_employed,secondary,0
63,31812.61,17304.0,9,5,self_employed,master,1
61,72145.84,18223.58,1,8,unemployed,bachelor,0
37,63319.11,16730.8,8,8,employed,master,1
46,27084.34,18236.22,10,8,self_employed,master,1
47,67029.3,19236.09,10,1,unemployed,bachelor,0
51,58869.82,12802.55,11,4,employed,bachelor,1
21,70328.29,15663.12,9,6,employed,secondary,1
34,52169.35,28946.07,10,3,employed,secondary,1
26,43970.41,16136.25,1,4,self_employed,secondary,0
54,44583.11,15340.51,11,1,employed,bachelor,0
21,49236.6,15823.08,5,2,employed,bachelor,0
44,60376.5,13256.73,8,1,employed,master,1
55,62959.17,11517.15,8,9,self_employed,secondary,1
67,56185.6,16669.43,14,8,unemployed,bachelor,1
32,51533.61,10954.28,4,4,self_employed,secondary,1
18,52971.93,13835.88,5,1,unemployed,secondary,0
55,110154.5,8675.88,11,4,self_employed,master,0
18,44585.5,15864.09,9,4,self_employed,bachelor,1
21,48840.56,19673.56,4,2,employed,bachelor,0
69,125877.08,13304.68,5,6,unemployed,bachelor,1
62,68420.27,1000.0,12,9,unemployed,bachelor,0
54,32400.39,19722.97,12,8,self_employed,master,0
61,76853.74,15961.47,2,8,employed,bachelor,0
21,41799.22,7054.15,5,8,employed,bachelor,1
22,78181.23,21186.16,11,1,employed,secondary,1
33,55780.75,3812.6,1,5,employed,bachelor,1
19,51204.08,23363.26,2,6,employed,bachelor,1
64,92183.3,14541.07,2,1,employed,secondary,0
20,71328.03,1000.0,7,2,employed,bachelor,0
46,79459.79,16426.64,6,6,unemployed,bachelor,0
62,68698.39,11750.46,4,7,self_employed,secondary,1
56,51111.11,10545.21,2,2,self_employed,phd,1
30,72227.09,9098.19,9,5,employed,secondary,1
42,84184.31,13982.27,12,1,employed,master,1
46,62694.76,11118.49,3,1,employed,bachelor,1
57,96032.85,1000.0,9,6,unemployed,secondary,1
40,77009.74,25176.54,11,6,employed,secondary,0
32,64239.65,13045.14,8,7,self_employed,bachelor,0
59,65029.73,9144.52,8,9,employed,master,0
64,62744.74,5972.61,2,2,employed,bachelor,0
43,34975.22,21165.86,14,4,employed,bachelor,0
19,58198.56,4612.54,14,8,employed,secondary,1
44,64423.73,16071.9,10,1,employed,master,0
64,51678.3,10330.81,13,8,unemployed,master,1
69,66753.54,10796.64,9,9,employed,bachelor,1
38,60426.15,6171.52,9,1,employed,master,1
25,75473.84,10037.44,12,2,employed,bachelor,1
47,73262.25,15070.5,0,7,unemployed,bachelor,1
61,63343.07,16882.5,3,5,self_employed,bachelor,0
67,32655.74,8715.26,3,9,self_employed,secondary,1
20,95814.45,14272.52,9,5,employed,secondary,0
33,57162.18,22107.64,3,6,unemployed,bachelor,0
42,58382.27,1698.97,5,3,employed,phd,1
23,53149.58,14949.85,7,3,self_employed,bachelor,0
64,50231.77,7393.73,11,2,self_employed,secondary,1
23,90881.16,6578.53,7,2,employed,secondary,1
52,87720.89,17088.09,0,2,employed,bachelor,1
65,68887.87,10637.99,10,9,employed,bachelor,0
53,57850.0,5265.57,6,1,employed,secondary,1
57,72382.36,25594.27,1,5,employed,secondary,1
31,61475.94,22360.72,9,5,employed,bachelor,0
61,56195.54,1000.0,4,1,employed,secondary,1
39,66762.12,3204.57,6,8,self_employed,bachelor,0
21,51176.85,19747.66,14,5,employed,bachelor,0
37,65045.29,12721.01,3,2,self_employed,secondary,1
36,64084.42,27004.6,13,2,employed,bachelor,0
45,72058.72,19930.69,6,7,employed,secondary,1
31,47617.26,17395.72,13,6,employed,secondary,1
42,74202.73,6825.1,12,4,unemployed,master,0
40,41873.77,18931.52,12,4,employed,bachelor,1
34,48548.67,4793.89,3,1,self_employed,secondary,0
54,49421.5,25441.96,11,1,self_employed,secondary,0
33,38558.96,18377.11,5,5,self_employed,secondary,0
57,80313.25,8401.36,13,4,employed,master,1
31,40618.95,21437.42,14,3,employed,bachelor,1
62,46021.67,32932.2,9,4,employed,bachelor,1
36,85108.15,13259.06,13,6,self_employed,secondary,1
20,48588.35,19403.31,7,3,self_employed,master,1
25,56237.15,11545.37,0,4,self_employed,master,1
59,39759.42,15682.82,13,3,employed,secondary,1
63,76659.02,2942.12,7,6,self_employed,bachelor,1
29,76934.72,14995.76,0,1,self_employed,bachelor,0
49,74778.92,15348.62,0,9,unemployed,bachelor,0
47,70750.6,29391.98,10,5,self_employed,bachelor,1
24,61471.78,1000.0,13,3,employed,secondary,1
41,49512.47,12752.93,10,7,self_employed,bachelor,1
54,43700.61,25304.94,6,9,self_employed,bachelor,1
68,85798.11,13065.83,4,1,employed,bachelor,1
62,75296.09,13629.27,6,2,employed,bachelor,1
23,46133.92,8333.93,4,2,employed,secondary,0
30,60796.64,7539.16,4,1,employed,bachelor,1
40,53997.7,1000.0,1,7,self_employed,master,1
25,37435.79,9966.28,8,2,employed,bachelor,0
47,63553.03,7085.16,3,4,self_employed,master,1
18,51690.15,15944.31,2,8,employed,bachelor,1
23,40949.27,8698.65,4,6,self_employed,master,0
20,30417.35,11163.27,11,7,self_employed,bachelor,0
33,28723.93,11382.36,8,1,self_employed,secondary,0
57,52571.48,14614.68,7,9,employed,master,1
27,58298.1,10771.82,8,1,unemployed,bachelor,1
69,42493.98,6505.71,8,7,employed,master,1
32,73014.79,15686.13,7,6,self_employed,bachelor,0
20,58689.07,23539.87,12,4,employed,bachelor,0
35,71537.71,16027.73,10,8,employed,secondary,0
56,56341.78,10121.44,2,9,self_employed,bachelor,1
23,44257.65,14014.83,12,1,employed,bachelor,0
21,62282.35,1000.0,2,9,employed,master,0
62,34746.51,13884.78,1,3,employed,master,0
48,70788.77,11797.17,6,8,employed,bachelor,0
35,41257.02,7532.32,5,8,unemployed,bachelor,0
57,78364.65,8983.21,11,6,self_employed,secondary,1
61,53230.89,11718.12,10,8,employed,bachelor,0
36,81250.67,22939.67,0,8,self_employed,phd,1
47,37547.54,23736.48,7,5,self_employed,bachelor,0
18,46444.61,7575.0,11,2,self_employed,bachelor,0
33,67618.7,10855.38,10,4,employed,master,0
48,83409.94,11059.28,7,9,employed,secondary,1
28,93332.18,21476.36,9,2,employed,phd,1
69,60827.32,16164.05,8,9,self_employed,bachelor,1
68,96754.91,15742.32,3,2,self_employed,secondary,0
31,54206.71,19290.1,8,6,self_employed,bachelor,1
38,81975.35,10228.69,10,6,employed,secondary,1
27,41156.38,25911.09,0,2,self_employed,bachelor,0
44,68404.01,14986.04,10,5,employed,secondary,1
24,13166.14,8152.7,3,2,self_employed,secondary,0
38,37568.18,13162.88,0,4,employed,bachelor,1
46,69333.54,24855.43,11,9,self_employed,bachelor,1
49,33751.22,11598.86,5,1,unemployed,secondary,0
49,68538.99,22596.46,6,8,employed,master,0
29,78129.16,9997.23,9,7,self_employed,secondary,1
59,49973.6,8874.69,8,7,self_employed,bachelor,1
53,40620.94,20276.78,9,3,employed,bachelor,1
57,50516.27,8008.22,14,9,employed,secondary,1
42,40683.75,21580.32,9,3,self_employed,phd,0
64,57975.73,17813.01,0,5,employed,bachelor,0
38,62041.81,8011.25,3,1,employed,secondary,1
59,53879.8,14428.46,6,8,unemployed,bachelor,1
28,93487.18,10609.81,7,7,employed,bachelor,1
30,45611.92,17791.81,5,2,self_employed,secondary,0
45,87828.66,30102.39,2,6,self_employed,secondary,1
46,39175.22,12034.36,1,2,employed,bachelor,1
56,61455.55,19270.21,2,4,self_employed,bachelor,1
33,83662.11,15195.53,14,5,employed,secondary,1
63,82627.14,15192.46,5,9,employed,bachelor,1
35,51594.84,13678.36,14,3,self_employed,secondary,1
45,71101.39,8140.66,5,1,unemployed,secondary,1
66,68423.58,17681.12,4,4,employed,bachelor,0
46,49201.22,12690.07,7,9,unemployed,secondary,0
53,72319.0,7761.6,14,8,self_employed,secondary,0
65,97249.84,23113.39,8,1,employed,secondary,1
68,69434.01,15792.08,0,1,employed,bachelor,0
43,71327.13,13175.21,4,7,employed,bachelor,1
39,73443.1,25720.45,14,7,self_employed,bachelor,1
28,30780.47,1000.0,2,6,employed,bachelor,1
45,69204.49,25182.57,12,1,employed,bachelor,1
65,39664.81,7958.5,13,3,employed,secondary,1
43,48202.26,16692.26,3,8,unemployed,secondary,0
36,103238.84,10295.49,8,2,employed,secondary,1
23,54934.77,7615.99,8,2,employed,master,1
38,45196.52,25511.09,11,5,employed,secondary,1
30,83051.65,29849.73,11,7,employed,secondary,1
68,41046.46,13230.19,0,8,employed,bachelor,1
45,51051.62,17683.8,4,6,self_employed,bachelor,0
25,84981.04,15455.93,14,5,self_employed,master,1
21,60855.35,28844.05,5,4,employed,bachelor,0
62,28768.06,1000.0,3,1,self_employed,secondary,1
66,70879.79,18016.99,9,3,employed,bachelor,1
57,52070.68,9182.99,2,2,self_employed,bachelor,0
24,90797.03,1000.0,2,1,employed,phd,0
23,47876.26,12115.76,11,7,unemployed,bachelor,0
28,81024.52,29784.39,1,4,unemployed,bachelor,0
57,95513.96,9751.61,13,5,self_employed,secondary,1
57,42981.14,21326.12,3,2,employed,phd,0
61,56135.74,24589.38,1,6,employed,bachelor,0
23,67772.51,14898.43,11,2,self_employed,secondary,1
25,42853.08,15963.64,2,7,employed,bachelor,0
64,65405.9,1269.62,5,7,employed,bachelor,1
66,55501.59,9270.69,5,3,employed,secondary,1
55,55098.65,22256.06,7,2,employed,bachelor,0
23,60978.77,15485.43,7,8,employed,bachelor,0
21,61425.29,17938.73,2,3,employed,secondary,1
20,63277.62,16065.26,3,2,self_employed,phd,0
53,48023.47,32536.03,2,4,employed,master,1
61,48896.57,11555.84,0,9,employed,secondary,0
50,57628.25,27843.28,9,5,employed,bachelor,0
31,59104.85,16068.03,7,3,unemployed,master,0
57,51223.01,28553.59,1,5,employed,bachelor,1
21,66478.79,5200.18,4,4,self_employed,phd,1
61,23704.77,16477.22,10,6,self_employed,secondary,1
64,45390.67,11850.51,4,4,self_employed,bachelor,1
55,54401.44,16115.78,6,6,employed,bachelor,1
63,42877.7,24779.01,11,4,self_employed,secondary,1
48,92583.96,18030.48,10,5,employed,bachelor,1
42,60377.24,24763.06,10,5,employed,secondary,0
34,63535.39,9638.23,5,4,employed,secondary,0
65,50335.39,8417.32,7,9,unemployed,secondary,1
54,59684.42,15128.84,12,3,employed,secondary,1
27,35694.93,14690.78,13,8,employed,secondary,1
67,56603.66,13513.13,0,7,self_employed,bachelor,1
21,41259.83,7330.95,12,5,employed,secondary,0
48,54451.93,24589.21,13,3,employed,secondary,0
27,10000.0,12097.3,14,5,unemployed,secondary,1
52,37439.94,26408.62,4,8,self_employed,master,0
39,89278.53,15101.95,7,2,self_employed,secondary,0
40,76607.95,20187.43,0,6,employed,bachelor,0
52,86380.79,19461.68,1,7,employed,secondary,0
57,87754.43,8405.8,8,6,employed,secondary,1
37,73459.75,17937.62,3,2,self_employed,bachelor,0
69,50942.63,30426.66,3,5,employed,bachelor,1
43,39254.98,17012.9,4,2,employed,bachelor,0
26,82934.89,22210.21,6,9,employed,bachelor,0
18,61291.36,20546.17,2,4,employed,secondary,0
28,109880.46,17456.4,12,4,employed,secondary,1
53,52698.04,16491.83,10,8,employed,master,1
46,99457.92,19378.52,11,4,employed,secondary,1
35,56864.16,21106.26,13,2,employed,master,1
43,86720.97,4182.69,9,9,employed,bachelor,1
61,93933.83,16978.42,5,6,employed,secondary,1
47,39541.0,13527.38,14,6,employed,secondary,1
21,50300.04,11867.79,8,1,self_employed,bachelor,0
20,39340.42,25367.72,6,5,employed,bachelor,0
43,35401.11,9134.83,6,5,employed,phd,0
39,73341.34,3841.85,0,3,employed,secondary,0
62,56067.43,21365.73,14,6,employed,master,1
48,61047.33,3636.85,12,3,employed,secondary,1
57,71124.78,1000.0,10,5,employed,secondary,1
48,22852.26,22266.14,3,8,employed,bachelor,0
35,85735.32,16269.78,13,7,self_employed,phd,1
52,53018.12,18781.76,2,3,self_employed,bachelor,0
50,70648.03,11460.58,3,2,employed,master,1
55,72414.26,3924.75,1,1,employed,bachelor,0
27,87415.93,5513.7,4,4,unemployed,master,1
51,57902.85,12822.49,4,1,employed,master,1
32,17527.25,4820.78,11,2,unemployed,bachelor,1
59,61142.55,17456.42,4,9,self_employed,bachelor,0
59,64014.14,11300.34,14,8,employed,bachelor,1
50,39314.78,16480.29,4,6,employed,phd,1
67,62949.81,16241.19,7,7,employed,bachelor,1
45,52779.63,18094.4,8,5,self_employed,secondary,0
19,33144.92,18995.86,12,6,employed,master,1
49,73429.7,12248.8,11,9,self_employed,bachelor,1
58,48725.5,16471.75,13,1,employed,bachelor,0
23,51872.42,16888.07,14,4,self_employed,bachelor,0
23,50748.42,1000.0,1,2,self_employed,secondary,1
32,84709.57,20172.21,1,8,employed,bachelor,0
61,59181.68,16199.54,6,8,employed,secondary,0
45,61582.0,19512.39,2,7,employed,master,1
68,51187.28,4705.25,7,6,self_employed,bachelor,1
63,69257.34,12473.81,8,5,self_employed,master,1
46,86986.36,6267.76,4,1,employed,secondary,0
53,72957.22,20956.81,1,7,self_employed,phd,1
35,73737.34,3759.07,14,9,employed,bachelor,1
22,72124.6,7570.76,5,9,employed,bachelor,1
38,32395.15,19274.51,12,4,unemployed,phd,0
48,42477.62,9965.0,9,2,employed,bachelor,1
27,55900.25,7572.87,9,6,self_employed,master,1
29,45482.72,22253.76,11,1,employed,bachelor,1
18,38709.26,22581.69,3,1,employed,secondary,0
56,22556.49,20776.57,3,8,employed,bachelor,1
64,33069.42,21789.68,14,9,employed,master,1
61,54869.49,13147.37,10,4,employed,bachelor,1
37,58611.47,13363.26,4,5,self_employed,bachelor,0
48,44138.92,9815.35,9,5,employed,secondary,0
67,61578.5,16341.83,5,2,employed,bachelor,0
48,51323.33,10776.81,12,3,employed,master,1
33,81811.47,11535.47,7,3,employed,master,1
35,56767.48,19799.2,4,8,employed,secondary,1
55,73926.62,24476.31,10,4,self_employed,secondary,1
41,64064.28,18186.08,11,7,self_employed,secondary,1
61,31958.58,29354.53,5,2,employed,secondary,0
62,58186.84,9355.88,11,9,employed,master,1
19,35287.52,1000.0,3,8,employed,bachelor,0
55,57837.58,20717.02,3,5,employed,secondary,1
37,45097.38,8825.33,12,3,unemployed,master,0
45,67639.26,12810.46,9,9,employed,master,1
31,33152.91,1000.0,0,8,unemployed,bachelor,0
37,60294.04,7806.32,10,5,employed,master,1
35,71448.31,2982.18,4,3,self_employed,bachelor,1
20,78151.91,11525.57,4,6,self_employed,secondary,0
58,44716.64,11843.59,6,4,self_employed,master,1
25,60355.02,15719.68,6,7,self_employed,secondary,0
37,63682.94,24917.78,13,8,employed,phd,1
28,90942.53,20415.25,6,5,self_employed,bachelor,1
26,30373.4,2022.64,4,1,employed,master,0
37,41777.95,19864.12,11,6,employed,secondary,1
65,116089.25,15894.04,8,8,employed,bachelor,1
67,54538.05,14217.39,0,3,employed,master,0
37,22180.12,14818.4,9,9,unemployed,master,0
44,48349.0,16636.42,7,4,employed,master,1
69,10000.0,9464.91,8,7,employed,secondary,0
30,64818.41,13541.19,2,7,employed,bachelor,1
67,76195.7,24471.51,7,2,self_employed,bachelor,1
23,41766.75,9368.75,9,1,self_employed,secondary,1
29,50585.52,6760.9,10,9,unemployed,bachelor,1
35,78473.08,14506.34,10,7,employed,bachelor,1
19,24995.69,5955.47,14,6,employed,bachelor,0
60,33568.58,1217.74,7,3,employed,secondary,1
62,55437.7,12244.26,6,1,employed,master,1
37,44953.3,26588.98,8,3,self_employed,phd,0
61,54122.66,14691.17,4,5,unemployed,bachelor,0
58,34724.99,16428.62,4,7,employed,master,0
59,64286.27,1000.0,10,3,employed,master,1
59,57015.34,18505.0,4,2,self_employed,secondary,1
47,70983.81,15746.93,11,3,employed,bachelor,1
23,64007.99,9680.68,11,9,self_employed,master,1
66,64133.8,16440.4,14,6,employed,bachelor,1
49,31073.85,16360.97,1,9,employed,secondary,0
64,69851.83,6524.1,5,1,employed,bachelor,1
67,53382.67,17654.83,11,5,employed,master,1
27,56668.03,24577.08,6,5,self_employed,bachelor,1
38,80965.29,13176.47,9,4,employed,secondary,0
28,45611.29,8059.25,11,4,employed,secondary,1
20,87023.69,13579.36,13,1,unemployed,master,0
68,88889.51,21836.91,3,1,employed,bachelor,0
66,75055.69,5189.45,3,8,employed,phd,1
66,40387.58,19628.47,7,4,unemployed,bachelor,0
63,16274.14,9575.88,7,2,employed,master,1
51,81576.7,16936.5,13,4,self_employed,secondary,1
45,62227.7,10485.35,0,9,employed,master,1
69,45096.05,10463.86,3,5,unemployed,master,1
46,83471.25,27184.76,13,9,employed,bachelor,1
51,42768.82,3727.31,9,2,employed,secondary,0
29,51516.89,18882.93,10,2,unemployed,master,0
56,70497.81,28850.6,3,6,employed,master,0
60,37727.94,20484.18,9,7,employed,bachelor,1
53,57810.38,4351.22,5,9,employed,bachelor,1
43,81782.74,4747.36,10,5,employed,master,1
